id_combate;id_juez;id_atleta_1;id_atleta_2;id_competencia;fecha;hora;resultado
917999407;32558319;413859230;988303198;378236302;2024-04-14;16:17:45;Victoria Atleta 2
863463091;410343727;149582314;762538208;272499560;2024-05-16;11:30:40;Victoria Atleta 2
631682876;479001797;669163339;615656323;85658730;2024-11-15;05:36:58;Victoria Atleta 2
814466928;909935367;425422371;676220762;787866097;2024-07-07;02:04:54;Victoria Atleta 1
217259100;255144307;617326307;840805391;488377677;2024-04-24;00:10:42;Victoria Atleta 2
586161170;194668744;594317992;331416580;602712209;2024-09-29;04:02:34;Victoria Atleta 2
553924321;526157700;831677262;928166176;134367894;2024-07-15;04:08:16;Victoria Atleta 1
191485202;511523484;189999416;458807846;197823644;2024-07-26;19:06:23;Victoria Atleta 2
450993923;948739074;892846978;633028947;320980844;2024-09-21;14:47:49;Victoria Atleta 1
770844621;918407912;506757840;736629219;96875788;2024-03-10;07:49:48;Victoria Atleta 1
919925732;856250889;727222305;850720723;77674514;2024-10-26;05:16:56;Victoria Atleta 2
284634075;409102751;737091230;741325095;179179499;2024-08-09;03:49:48;Victoria Atleta 1
351410240;567528957;962791436;953113355;680308708;2024-01-24;16:44:42;Victoria Atleta 1
514964651;55096696;928166176;18396460;805760264;2024-10-28;02:12:25;Victoria Atleta 1
712286465;29554091;948400168;63653738;897617676;2024-02-04;06:51:00;Victoria Atleta 2
649669623;705137708;276512439;951342131;222910657;2024-10-25;06:42:55;Victoria Atleta 1
315332577;138567739;814476342;151307600;252604675;2024-07-07;21:52:28;Victoria Atleta 1
355456206;841929653;762401923;469190086;716191150;2024-09-25;20:29:55;Victoria Atleta 2
38743078;722161176;1210600;685092270;32927942;2024-04-13;11:02:43;Victoria Atleta 1
99272206;513003441;366907230;454503683;886278277;2024-07-15;22:53:53;Victoria Atleta 1
748729472;941565434;416604420;348296444;768043850;2024-06-17;08:35:16;Victoria Atleta 1
747183777;930818435;289978539;193327014;424213075;2024-03-19;07:17:29;Victoria Atleta 1
586532752;804176382;74801655;841160179;566355022;2024-03-26;06:09:11;Victoria Atleta 1
812857828;290755294;216261330;461336834;182023068;2024-08-05;19:09:25;Victoria Atleta 1
445497073;257585456;225471017;95261214;259445644;2024-07-10;00:27:21;Victoria Atleta 2
279479117;197024084;875522312;615016131;367915394;2024-07-12;07:51:10;Victoria Atleta 2
885205908;811143298;755290508;646090625;793847013;2024-11-09;23:34:50;Victoria Atleta 2
587119215;383220245;505239374;12523297;614324917;2024-04-17;23:39:43;Victoria Atleta 1
607445541;20468589;662941917;865599352;395206661;2024-06-08;16:52:14;Victoria Atleta 1
333010873;333120571;341044128;306490986;742141625;2024-10-24;03:30:57;Victoria Atleta 2
747816693;330288484;203348754;151307600;222910657;2024-10-24;07:42:06;Victoria Atleta 2
921350525;400124970;730371063;142121286;608304228;2024-05-07;10:59:43;Victoria Atleta 1
595294426;285045746;276512439;619459494;13839404;2024-07-25;17:41:07;Victoria Atleta 2
128854786;667379769;475026568;50033284;897990801;2024-10-11;18:27:11;Victoria Atleta 2
376041776;989587586;745821106;867089212;609958928;2024-07-11;04:18:03;Victoria Atleta 1
908114798;28241604;878160840;725920787;125482076;2024-02-04;01:02:54;Victoria Atleta 2
629732434;309720822;711174039;238529362;883297064;2024-03-29;19:57:17;Victoria Atleta 1
32828162;750856568;641463838;287339251;208278638;2024-04-19;13:52:16;Victoria Atleta 1
622829347;149100848;584701348;776175701;488859215;2024-05-25;12:25:41;Victoria Atleta 1
432992979;231336204;342144876;841415469;568819197;2024-03-22;01:31:32;Victoria Atleta 1
341289935;251637451;671379308;86121155;742141625;2024-07-03;01:41:36;Victoria Atleta 1
542094813;368002206;461336834;199735159;316068541;2024-01-22;06:13:08;Victoria Atleta 1
586056429;415464412;113119177;981095941;734638149;2024-07-06;20:01:13;Victoria Atleta 2
585111185;69544538;127722500;343452062;600342848;2024-02-13;04:17:59;Victoria Atleta 1
186172673;467143139;971701598;815395520;961716990;2024-03-10;18:19:16;Victoria Atleta 1
863474296;112390090;569768795;946453360;632179149;2024-01-17;07:09:40;Victoria Atleta 1
781147481;400124970;471737870;691528620;748068146;2024-01-20;13:23:56;Victoria Atleta 2
500899723;330042321;411674283;792694730;368959928;2024-07-01;13:45:56;Victoria Atleta 1
961883270;818607836;373970200;814527725;752028502;2024-01-16;12:26:30;Victoria Atleta 2
210509014;787385807;120575540;220180913;512144891;2024-02-14;06:50:33;Victoria Atleta 1
214436299;308012487;536223883;734168208;175614776;2024-09-23;01:58:46;Victoria Atleta 1
172290673;613914480;473592451;696154174;270202308;2024-10-05;15:36:05;Victoria Atleta 2
776284414;935731060;174932206;353292177;766774450;2024-04-02;10:27:29;Victoria Atleta 1
23205687;84334474;124882293;469926560;751103978;2024-08-27;20:37:05;Victoria Atleta 2
767997071;41026245;719641110;269758564;592428804;2024-02-23;06:29:33;Victoria Atleta 1
383968073;753262765;42401783;93137972;221109796;2024-11-12;23:02:03;Victoria Atleta 1
79040063;968882133;861455930;550679454;534517305;2024-08-17;00:34:14;Victoria Atleta 1
621037825;241910727;560513672;40230684;604683516;2024-03-01;09:14:12;Victoria Atleta 2
61930797;702336245;94597288;420823202;903588830;2024-07-01;11:55:37;Victoria Atleta 2
419760606;887032656;63539693;63653738;492074558;2024-04-16;09:35:12;Victoria Atleta 2
911010618;750856568;976617050;543712648;286187263;2024-01-18;11:38:08;Victoria Atleta 2
904633426;25309671;594317992;438964193;179023196;2024-04-26;23:58:46;Victoria Atleta 1
815305897;241221258;120575540;274293354;934031922;2024-05-30;03:41:33;Victoria Atleta 1
815948869;865888452;836820752;79263721;44353742;2024-02-07;17:48:28;Victoria Atleta 2
174140722;409505333;304616845;863459613;54810346;2024-02-29;06:45:15;Victoria Atleta 1
241056799;541557177;591535276;344995335;395206661;2024-04-30;17:57:05;Victoria Atleta 2
34845621;426335164;883243130;366734191;796536643;2024-10-27;20:56:47;Victoria Atleta 1
786161118;149100848;590093260;190271971;73168319;2024-07-22;09:24:25;Victoria Atleta 1
119906297;797566870;894627133;893752976;588423582;2024-07-28;01:21:31;Victoria Atleta 2
237075040;19031442;918502575;814527725;242160147;2024-03-21;23:52:28;Victoria Atleta 2
826260941;260532386;936566619;966823102;682340942;2024-08-27;13:24:56;Victoria Atleta 1
823868254;572918265;653824064;264704038;251752148;2024-06-28;14:20:09;Victoria Atleta 1
182912297;406832433;615016131;682610815;283987048;2024-06-18;13:53:25;Victoria Atleta 2
783966243;402086782;508831107;672648402;389166316;2024-05-13;23:49:51;Victoria Atleta 2
237053127;546370970;122632017;597493709;357827642;2024-06-25;04:08:47;Victoria Atleta 1
266413400;389529016;205670755;584521296;744493436;2024-10-17;01:21:44;Victoria Atleta 2
222843916;638962127;836820752;203204851;44219479;2024-07-07;18:22:20;Victoria Atleta 2
726170549;521931511;865433703;1210600;587036443;2024-07-30;05:43:37;Victoria Atleta 1
433766228;999393786;819498106;647810110;792519484;2024-03-24;07:18:31;Victoria Atleta 2
246913563;354412901;53037471;714714266;717851895;2024-07-27;10:37:23;Victoria Atleta 2
327052513;19087960;525995776;52497505;280984401;2024-03-19;08:25:28;Victoria Atleta 1
486907360;428170847;95261214;817432655;228067154;2024-11-21;12:49:48;Victoria Atleta 1
553128889;276003315;434565098;829307965;50858954;2024-04-27;16:51:00;Victoria Atleta 1
307303953;845131611;617185941;798135922;378236302;2024-03-29;17:16:56;Victoria Atleta 2
57453574;712544693;514940945;774088315;698144124;2024-08-31;16:54:31;Victoria Atleta 2
60807757;937734704;165281516;344995335;450788480;2024-11-13;00:20:21;Victoria Atleta 1
651851637;984807299;185153584;200333520;132355290;2024-04-10;16:23:49;Victoria Atleta 2
614867990;961940687;881250345;882943103;642254301;2024-09-26;02:21:55;Victoria Atleta 2
364857725;594916634;825759277;99129996;792472712;2024-09-23;09:18:24;Victoria Atleta 1
574577968;621922935;928166176;138314658;930507393;2024-08-23;05:06:45;Victoria Atleta 1
423483579;812669679;359467361;416009677;182023068;2024-07-24;20:59:08;Victoria Atleta 1
198738289;774821079;216261330;269689254;717748241;2024-01-15;08:47:19;Victoria Atleta 2
146692694;252452398;138314658;24672971;13839404;2024-05-01;06:05:51;Victoria Atleta 1
962545708;715985580;788936856;615651312;49214189;2024-04-04;23:15:03;Victoria Atleta 2
854935572;320646725;608047858;953113355;209240323;2024-06-02;07:35:10;Victoria Atleta 2
897369840;326269780;727222305;411674283;575414576;2024-03-26;10:09:00;Victoria Atleta 2
457824422;633146449;149582314;590093260;680308708;2024-05-24;06:03:08;Victoria Atleta 1
914183695;63084006;545168372;698720994;96539537;2024-09-19;17:04:54;Victoria Atleta 2
344775290;383220245;260575521;945947103;872263001;2024-10-01;06:11:46;Victoria Atleta 2
915048655;515990941;15468549;851332709;577431005;2024-05-19;13:48:58;Victoria Atleta 1
675625357;555202943;893100259;687514358;281846417;2024-03-09;23:13:38;Victoria Atleta 2
425730136;399549228;54576996;490186031;260844550;2024-06-02;00:46:37;Victoria Atleta 2
222388089;265351300;711605402;668139791;833341232;2024-10-05;12:30:10;Victoria Atleta 2
733257715;349376282;366240027;427883189;572296531;2024-03-10;17:43:11;Victoria Atleta 1
803434721;199241448;672648402;493135722;579906511;2024-02-13;14:14:39;Victoria Atleta 1
285080171;828066919;18739228;630759781;478368715;2024-02-23;19:32:31;Victoria Atleta 2
900017201;941565434;587591534;282609219;652512964;2024-11-07;03:30:22;Victoria Atleta 2
371730790;205432339;672559545;360852286;195100973;2024-10-22;07:41:24;Victoria Atleta 2
832118043;584605342;299596681;470651006;920093480;2024-06-07;14:09:15;Victoria Atleta 2
425927357;795159062;138897919;579545702;36586136;2024-08-17;17:15:14;Victoria Atleta 2
869108941;510819303;662941917;717697247;981067662;2024-07-05;01:43:40;Victoria Atleta 2
270982806;383220245;977807564;468172140;240886640;2024-11-15;01:11:08;Victoria Atleta 2
269636502;326671456;627903323;615865687;421230188;2024-11-17;15:53:16;Victoria Atleta 2
268265484;45252035;725920787;24672971;442479462;2024-05-31;08:20:19;Victoria Atleta 1
725604162;981114762;953276089;796042631;593964364;2024-08-18;09:03:27;Victoria Atleta 2
933909921;584570690;11702789;315125752;497542369;2024-06-11;16:14:55;Victoria Atleta 1
138621318;520898475;478899595;118073343;154323644;2024-08-13;13:49:02;Victoria Atleta 1
938901519;710439679;818661899;517854066;402147289;2024-03-18;04:35:50;Victoria Atleta 1
156142695;983282193;442215864;992942549;885209197;2024-03-16;07:50:40;Victoria Atleta 2
493404770;25309671;665785658;806947054;717851895;2024-05-12;05:50:42;Victoria Atleta 2
255022148;289317800;714113767;236637169;747546774;2024-04-24;05:10:31;Victoria Atleta 2
810413464;817279163;883681774;342144876;807026131;2024-07-24;05:16:03;Victoria Atleta 2
227943368;499608200;780803573;277636442;177664096;2024-05-06;16:48:51;Victoria Atleta 1
696009297;944196394;441033562;152944669;881699809;2024-05-14;16:03:48;Victoria Atleta 1
383974060;772635739;914010939;941964170;601098125;2024-02-16;02:03:27;Victoria Atleta 2
824610575;281624206;789358003;591361860;364998349;2024-04-26;16:30:56;Victoria Atleta 2
827205963;325427809;247327689;569100226;894728217;2024-06-29;22:14:46;Victoria Atleta 1
233805591;203188456;62844359;823987478;867588115;2024-10-15;04:53:31;Victoria Atleta 1
714249467;178530973;638614703;243477901;449903918;2024-08-29;18:16:34;Victoria Atleta 2
644039804;753489747;619459494;57383951;298057021;2024-10-16;14:56:08;Victoria Atleta 2
760452717;467143139;709518851;690615542;703524665;2024-07-02;22:05:11;Victoria Atleta 2
734750099;930818435;327133674;164823387;423877562;2024-11-01;18:21:21;Victoria Atleta 1
193381572;998161598;197529170;152199947;752028502;2024-11-20;18:41:34;Victoria Atleta 2
18092622;896647572;125819984;647810110;396806928;2024-07-02;09:20:10;Victoria Atleta 1
940651919;213382832;845640536;1210600;949934072;2024-01-25;17:28:00;Victoria Atleta 1
171544651;421459200;645426016;747719249;378236302;2024-02-11;21:33:20;Victoria Atleta 1
858031468;637288343;91506331;346903647;875602292;2024-03-09;10:49:58;Victoria Atleta 2
381350147;150705401;12523297;797438523;563261983;2024-08-31;04:46:52;Victoria Atleta 2
71117664;467143139;508831107;445471364;646668629;2024-04-10;13:50:08;Victoria Atleta 1
630113521;225491115;892219591;253038217;15479093;2024-05-22;23:17:57;Victoria Atleta 2
474093236;630148965;643143413;105540200;439322346;2024-05-19;10:56:59;Victoria Atleta 2
10854840;979581511;190271971;177948406;834740178;2024-07-14;03:17:52;Victoria Atleta 1
578017022;387651026;86121155;560513672;209431755;2024-07-15;22:11:59;Victoria Atleta 1
673776966;699697021;612569796;465186635;891512469;2024-08-14;02:15:06;Victoria Atleta 1
5095818;555640678;104591090;439637163;563261983;2024-04-10;07:34:39;Victoria Atleta 1
311241820;287569701;734168208;859230910;872263001;2024-05-28;09:18:30;Victoria Atleta 2
205755038;954017826;333973291;971701598;595786587;2024-10-10;06:27:35;Victoria Atleta 2
222319577;177148734;892846978;819170722;24004575;2024-09-02;10:18:39;Victoria Atleta 2
40370717;808965571;631161195;711174039;222910657;2024-01-19;12:19:43;Victoria Atleta 1
560696117;698873541;151307600;471737870;873866832;2024-05-26;13:10:57;Victoria Atleta 1
428258262;287569701;961570012;792694730;867588115;2024-01-18;19:37:26;Victoria Atleta 2
54193882;811592580;294643060;822275438;581943180;2024-07-01;22:48:18;Victoria Atleta 2
237370783;137295167;428909286;630759781;705501711;2024-11-18;09:07:22;Victoria Atleta 1
303967717;159098108;511233228;893100259;730625298;2024-04-17;10:16:03;Victoria Atleta 2
138266223;738130820;207783223;99385926;196657670;2024-08-24;11:06:19;Victoria Atleta 2
245489142;430764637;816221737;647810110;356951169;2024-08-30;11:15:08;Victoria Atleta 1
208606596;843174692;738682365;737791411;178088561;2024-10-04;16:22:45;Victoria Atleta 1
73269848;188828380;802681125;988214213;995251640;2024-04-23;17:22:10;Victoria Atleta 2
886609967;24531137;638614703;380346183;602712209;2024-08-07;18:56:59;Victoria Atleta 2
636828802;869667724;789358003;517854066;636424319;2024-10-16;18:08:13;Victoria Atleta 1
370286887;513655606;172571067;738297670;618064955;2024-05-10;05:42:11;Victoria Atleta 2
64505152;869667724;814476342;62722857;834740178;2024-06-21;22:53:17;Victoria Atleta 2
218229210;306376812;576313684;646090625;899450015;2024-06-11;00:00:59;Victoria Atleta 1
273351899;975832110;45694388;865599352;744706628;2024-07-14;12:08:52;Victoria Atleta 1
606080189;556300108;953113355;482654549;392842881;2024-10-13;12:37:44;Victoria Atleta 1
149463288;307227678;654063701;953987101;88836396;2024-04-10;18:29:43;Victoria Atleta 2
136409866;214036013;765230271;737131671;245296858;2024-08-26;07:59:24;Victoria Atleta 2
796204665;935731060;696154174;508831107;376806875;2024-03-21;23:10:01;Victoria Atleta 2
537306118;718465909;50446557;810905857;246751733;2024-04-29;09:29:52;Victoria Atleta 1
954075835;927981030;878049304;236354895;608304228;2024-01-27;05:04:48;Victoria Atleta 1
89968565;321299885;531681089;490322789;588423582;2024-04-27;05:12:35;Victoria Atleta 2
100164693;871964909;913420271;667124381;871791687;2024-05-21;10:35:22;Victoria Atleta 1
866832355;613354126;994086965;434565098;730625298;2024-02-12;07:30:02;Victoria Atleta 1
39625074;866272118;781045208;674504128;694968954;2024-02-09;23:21:24;Victoria Atleta 1
568006460;854559150;545181535;719641110;76515733;2024-01-07;12:21:43;Victoria Atleta 2
783455234;109113724;819488192;948400168;603197177;2024-09-04;12:23:39;Victoria Atleta 1
379009233;690824656;650272284;586825325;921287046;2024-08-31;16:32:35;Victoria Atleta 1
84701898;902016029;569100226;590954654;221109796;2024-05-09;11:14:07;Victoria Atleta 2
290370129;106341900;216467712;283081242;106317497;2024-11-19;00:43:47;Victoria Atleta 2
166004325;467992971;650786867;416009677;293920651;2024-10-03;18:25:00;Victoria Atleta 1
207082954;509326696;737791411;502024893;532883297;2024-03-13;22:45:23;Victoria Atleta 1
512049982;698873541;657408380;203348754;381401473;2024-01-28;05:47:04;Victoria Atleta 1
189241935;106341900;372556259;946716114;791375397;2024-09-28;22:48:03;Victoria Atleta 2
977254068;768341311;565984238;134722181;792472712;2024-11-18;05:34:43;Victoria Atleta 2
211693472;477967279;878049304;882943103;547790047;2024-06-11;19:36:15;Victoria Atleta 2
640418649;830913308;866883375;823987478;502549299;2024-06-12;03:14:37;Victoria Atleta 1
391015293;244721435;865433703;95321827;783993840;2024-05-06;01:22:53;Victoria Atleta 2
685606381;578284000;247962676;458807846;305159956;2024-03-20;11:14:00;Victoria Atleta 1
953046707;179266256;390703772;672648402;122489931;2024-05-12;07:22:51;Victoria Atleta 2
270488127;412234931;657532486;696154174;384507497;2024-07-15;17:04:06;Victoria Atleta 1
917391126;114266217;151533751;765230271;317556854;2024-08-14;12:22:24;Victoria Atleta 1
498200517;238842171;189999416;357505979;985643573;2024-01-24;19:35:37;Victoria Atleta 1
579561218;427552600;349997769;745821106;550631969;2024-07-05;20:57:15;Victoria Atleta 1
570188478;239437684;63429129;118911418;623802054;2024-06-21;11:23:32;Victoria Atleta 2
3427339;815091109;781792483;849245596;568819197;2024-05-22;21:20:47;Victoria Atleta 1
500862794;765086206;689208618;839639223;644855261;2024-01-02;03:31:59;Victoria Atleta 1
469753219;931734160;373970200;456131798;396806928;2024-11-02;16:12:56;Victoria Atleta 2
66972780;429398852;122632017;893752976;273332783;2024-05-02;04:12:35;Victoria Atleta 1
586649505;354829622;305080434;590954654;983029901;2024-04-13;08:52:31;Victoria Atleta 2
542316411;154769040;845640536;674354578;716066346;2024-01-17;20:14:31;Victoria Atleta 2
748150122;348853394;743019471;79263721;376806875;2024-07-28;09:08:09;Victoria Atleta 1
670630797;137295167;592570767;216467712;699961003;2024-03-20;17:25:32;Victoria Atleta 1
349969194;201842336;50446557;742311983;192453491;2024-03-26;04:20:34;Victoria Atleta 2
755501740;718973006;523219710;61072760;936483622;2024-03-30;04:20:02;Victoria Atleta 2
297359577;707644766;212513295;810154734;405790569;2024-04-15;21:39:11;Victoria Atleta 2
291761736;564469325;221151428;207783223;81824424;2024-11-08;15:35:14;Victoria Atleta 1
234060535;450884273;866883375;253788888;694099254;2024-10-28;20:54:23;Victoria Atleta 1
166326981;27940837;971701598;633028947;306123594;2024-02-25;16:31:22;Victoria Atleta 1
160765585;992497428;850720723;398422974;15307960;2024-09-19;15:01:46;Victoria Atleta 1
680757681;43650037;876069242;593203038;572296531;2024-02-26;04:36:55;Victoria Atleta 2
349701218;578312339;662941917;689804375;287430348;2024-07-28;16:51:24;Victoria Atleta 2
343185835;239437684;645426016;461336834;868913881;2024-03-29;18:26:08;Victoria Atleta 1
26616699;272274289;93137972;25989542;214904111;2024-09-22;21:46:21;Victoria Atleta 2
200906014;811592580;858523432;622646800;440391702;2024-04-20;22:25:32;Victoria Atleta 1
654411876;79764847;86902606;776175701;175614776;2024-04-03;19:59:08;Victoria Atleta 2
980014404;248162052;523980036;883681774;730317498;2024-10-07;07:36:58;Victoria Atleta 2
61615827;13596185;971701598;961779005;687163561;2024-07-19;07:51:28;Victoria Atleta 2
840696831;947584255;357259074;993748409;784186684;2024-10-29;04:04:23;Victoria Atleta 2
625432965;578284000;197083808;479771996;903588830;2024-02-26;05:03:33;Victoria Atleta 2
767754058;225491115;619930921;784384253;948036126;2024-02-24;16:57:05;Victoria Atleta 1
635955703;972645806;710148557;628164123;482818199;2024-02-22;16:12:02;Victoria Atleta 2
689251145;708831048;188369922;134652473;592428804;2024-01-07;03:07:09;Victoria Atleta 2
13934744;281640640;413859230;765726278;367915394;2024-01-10;08:14:28;Victoria Atleta 2
462536175;326269780;966823102;276651665;195100973;2024-06-17;03:39:28;Victoria Atleta 1
834366528;834798497;525366118;781045208;132001595;2024-03-09;07:02:33;Victoria Atleta 1
435380599;140292409;832489767;390954653;44353742;2024-07-03;17:57:17;Victoria Atleta 2
717592303;778982284;16854799;863459613;58995046;2024-01-04;00:16:53;Victoria Atleta 1
606797940;811143298;202263551;627903323;392842881;2024-08-06;07:38:34;Victoria Atleta 1
653203296;433382341;742311983;735886720;702512767;2024-07-05;14:14:17;Victoria Atleta 1
722337940;699697021;917979376;588820446;223183088;2024-03-22;01:45:24;Victoria Atleta 1
68762509;799147441;128174602;281685626;135226903;2024-05-31;13:58:39;Victoria Atleta 2
734770017;880269579;631161195;518109487;62620242;2024-05-10;17:04:21;Victoria Atleta 2
676377803;931734160;745821106;854704628;808372382;2024-10-16;08:22:45;Victoria Atleta 2
412598985;845131611;200333520;405426645;478368715;2024-07-13;20:11:04;Victoria Atleta 2
324696477;645967355;60107896;977807564;722746295;2024-08-08;04:00:21;Victoria Atleta 2
992144956;13445858;735886720;873364216;979641294;2024-11-03;23:00:40;Victoria Atleta 2
425418788;267056497;819334585;289978539;509204249;2024-10-13;20:03:45;Victoria Atleta 2
510564789;343383502;961690862;247327689;688854406;2024-08-24;08:52:44;Victoria Atleta 1
921623839;818607836;762934182;88995198;620889208;2024-06-09;14:08:36;Victoria Atleta 1
976422357;387549887;47782739;40230684;702686339;2024-10-16;01:43:43;Victoria Atleta 1
252701390;805731579;241516706;373970200;989173393;2024-01-13;10:13:37;Victoria Atleta 2
348575646;992497428;578413622;344482616;715952071;2024-03-09;02:05:23;Victoria Atleta 1
435610982;475922729;357259074;173694481;803610150;2024-08-04;15:38:22;Victoria Atleta 2
755668602;451006205;841160179;185153584;86793023;2024-01-12;15:14:58;Victoria Atleta 1
753939497;188564640;906505604;861455930;714523801;2024-03-02;10:59:48;Victoria Atleta 1
932617647;217197949;138314658;765238963;621191636;2024-08-18;02:12:30;Victoria Atleta 1
321222773;513655606;914223841;947346848;135226903;2024-05-24;11:17:53;Victoria Atleta 1
76738535;392405191;287339251;589503436;885209197;2024-08-04;13:03:50;Victoria Atleta 2
762321783;444722429;961570012;177948406;725489785;2024-11-18;07:51:17;Victoria Atleta 1
457628004;597222700;274293354;729600242;270202308;2024-09-21;12:07:08;Victoria Atleta 2
355309028;586753309;411674283;883243130;999544259;2024-03-05;14:57:38;Victoria Atleta 2
445497237;401196217;508831107;841160179;223730418;2024-02-18;07:27:51;Victoria Atleta 2
750419653;626944371;671241181;780803573;979519843;2024-03-02;03:05:15;Victoria Atleta 2
654385284;765280553;614496347;143872735;158271263;2024-09-05;18:03:54;Victoria Atleta 2
430684419;178806128;606522053;420823202;304468533;2024-09-01;09:41:41;Victoria Atleta 2
583145390;672405718;609884340;691033060;542105855;2024-03-04;14:52:28;Victoria Atleta 1
406055652;210205911;671241181;911164263;371143605;2024-03-08;22:41:15;Victoria Atleta 2
972460877;63084006;70098081;537011055;119976387;2024-06-10;06:22:35;Victoria Atleta 1
838845469;221610179;62722857;21651687;77777357;2024-07-14;01:22:16;Victoria Atleta 1
517467997;97933551;310749196;390954653;883297064;2024-03-05;19:26:48;Victoria Atleta 1
506965702;869302305;934183164;5548185;76515733;2024-04-02;09:55:07;Victoria Atleta 1
635501719;872821620;750257734;337325801;893920097;2024-09-29;10:20:47;Victoria Atleta 2
683584869;805731579;251013443;91362658;254520943;2024-10-17;05:03:32;Victoria Atleta 2
88061810;272070072;687514358;238529362;209707071;2024-05-25;12:27:16;Victoria Atleta 2
843098967;705137708;50446557;872648435;354389621;2024-01-09;16:49:36;Victoria Atleta 2
721307961;254516143;944952335;207783223;258951296;2024-02-09;15:58:43;Victoria Atleta 1
301272616;494494984;478899595;567299976;495773934;2024-06-07;10:02:17;Victoria Atleta 1
291131084;559053530;884187759;90953182;307192631;2024-08-30;21:41:28;Victoria Atleta 1
775975049;517791638;953276089;708653940;173722845;2024-11-11;03:13:22;Victoria Atleta 2
410786345;993964521;839961651;290182795;275761050;2024-10-29;01:38:29;Victoria Atleta 1
488878618;423835668;676220762;339546489;601508651;2024-06-16;06:20:28;Victoria Atleta 2
496968885;776712980;313150837;151307600;699961003;2024-10-05;21:47:39;Victoria Atleta 2
24328763;411375118;584521296;364584113;620889208;2024-07-31;09:05:41;Victoria Atleta 2
54175456;774619652;31083044;304004387;410611831;2024-01-21;01:53:11;Victoria Atleta 1
901866050;702336245;906505604;854704628;944109870;2024-04-27;16:22:03;Victoria Atleta 2
250748243;948658100;31083044;893752976;835392381;2024-01-03;18:16:54;Victoria Atleta 2
51998079;304346368;615016131;528993892;682340942;2024-10-12;15:01:07;Victoria Atleta 2
680121658;360998980;806411009;936121838;28522302;2024-01-25;10:17:59;Victoria Atleta 1
595719088;826682122;83656923;870575447;495801416;2024-11-15;17:01:07;Victoria Atleta 1
475367814;935731060;91362658;149395992;251752148;2024-09-10;21:04:22;Victoria Atleta 1
632279387;819244110;598074501;636959351;682340942;2024-07-08;06:41:45;Victoria Atleta 1
117452974;75383069;810154734;341844560;944307536;2024-02-07;12:09:57;Victoria Atleta 2
593741052;723820390;456075337;657230733;767471997;2024-07-07;10:09:51;Victoria Atleta 2
554936102;390996917;849245596;327964580;116666624;2024-03-29;18:26:55;Victoria Atleta 1
575520237;153873947;788936856;638614703;493120232;2024-03-17;10:15:01;Victoria Atleta 1
151396913;430764637;86902606;120575540;73168319;2024-08-31;14:39:54;Victoria Atleta 2
221263102;714874528;737110365;615656323;306123594;2024-07-24;21:27:29;Victoria Atleta 1
798354115;925097282;363202658;77613557;485651707;2024-02-02;10:47:30;Victoria Atleta 2
423502157;276003315;796287013;569100226;807026131;2024-02-15;02:04:31;Victoria Atleta 1
521503965;335607595;976861559;777828892;532453546;2024-08-24;18:10:18;Victoria Atleta 2
394424838;730614859;152199947;44869755;178088561;2024-07-13;17:32:19;Victoria Atleta 1
504730609;303620163;531502487;354393095;277478383;2024-06-26;19:56:24;Victoria Atleta 1
8372954;304346368;874769843;331608030;472867592;2024-03-26;00:01:47;Victoria Atleta 1
948966936;309166429;647810110;62048646;260844550;2024-05-11;18:23:17;Victoria Atleta 2
525985649;250875613;441033562;389482766;532883297;2024-08-03;01:18:16;Victoria Atleta 1
416382505;289317800;125819984;768359269;967362502;2024-07-02;18:52:44;Victoria Atleta 1
905708421;441978207;502459620;663721710;109289;2024-08-07;18:22:41;Victoria Atleta 1
138312481;546088071;617437343;238529362;991802435;2024-04-01;23:10:41;Victoria Atleta 1
805673772;127684057;676220762;963106906;781162269;2024-07-17;21:52:53;Victoria Atleta 1
392259194;319967779;564898492;470191047;36586136;2024-06-27;15:12:04;Victoria Atleta 1
517096650;509326696;692169733;989584938;497542369;2024-07-22;21:46:17;Victoria Atleta 1
640958462;992497428;441033562;667999637;943965555;2024-05-05;02:54:39;Victoria Atleta 2
146754843;989587586;400234821;549367430;393683568;2024-09-28;03:16:52;Victoria Atleta 2
672039709;892852922;511233228;584521296;979519843;2024-09-04;13:00:51;Victoria Atleta 2
238084613;555742529;917979376;56612615;62620242;2024-04-14;15:01:49;Victoria Atleta 1
83582284;356447864;611812237;299596681;182023068;2024-11-16;17:06:20;Victoria Atleta 2
504417612;489976299;83982968;762135010;807135707;2024-11-06;08:13:34;Victoria Atleta 2
882459106;615852018;647349983;277636442;593964364;2024-11-15;07:37:05;Victoria Atleta 2
619934261;427552600;124882293;565984238;842504671;2024-10-08;21:44:20;Victoria Atleta 1
97438055;282954150;751704365;865712103;878632342;2024-05-31;14:21:50;Victoria Atleta 1
805985414;532732982;706535245;882098125;209431755;2024-11-08;05:54:14;Victoria Atleta 1
498781247;282954150;225471017;725920787;642254301;2024-01-08;06:24:41;Victoria Atleta 2
791402703;109639738;732258508;344995335;834853806;2024-05-04;18:51:45;Victoria Atleta 1
548648589;562480181;95261214;843679664;119966381;2024-01-17;14:40:09;Victoria Atleta 2
887316618;499935207;164823387;584774950;282351539;2024-11-18;13:48:26;Victoria Atleta 2
692936131;798234488;711174039;780803573;392724767;2024-07-13;20:01:39;Victoria Atleta 1
742456766;946872424;614927765;372556259;296169528;2024-06-21;20:25:22;Victoria Atleta 1
996970715;159098108;526641925;681448816;27431759;2024-04-19;14:48:20;Victoria Atleta 2
424237084;880269579;138897919;591361860;405790569;2024-09-02;22:20:08;Victoria Atleta 2
273429393;615852018;988303198;254659897;485651707;2024-06-17;10:15:39;Victoria Atleta 2
715128615;930818435;354393095;892566759;274318514;2024-04-10;10:26:00;Victoria Atleta 1
537839124;496083167;668139791;127722500;217518649;2024-08-28;15:16:36;Victoria Atleta 2
7478192;752980428;807347415;753183295;313158745;2024-06-17;12:08:51;Victoria Atleta 2
781630958;294179746;941964170;189999416;857511168;2024-11-12;09:22:31;Victoria Atleta 1
485495667;422427509;944914655;360852286;34903451;2024-05-18;08:23:57;Victoria Atleta 1
881872085;73197434;657230733;413029126;24004575;2024-08-15;21:42:04;Victoria Atleta 2
432883583;576445883;309541980;777828892;871643639;2024-08-07;04:38:49;Victoria Atleta 1
676856877;173078006;581595268;204268314;517936160;2024-08-02;03:23:52;Victoria Atleta 1
223179098;572490774;545181535;980985296;34903451;2024-10-03;09:04:20;Victoria Atleta 1
627878234;950865283;762401923;152944669;963856856;2024-03-11;01:39:24;Victoria Atleta 2
975582314;188820956;243477901;799624368;446567857;2024-09-10;16:24:56;Victoria Atleta 1
710816223;663077402;108348324;83656923;125493498;2024-07-08;08:07:21;Victoria Atleta 1
308384468;601735055;102395595;988214213;345684376;2024-06-06;13:08:04;Victoria Atleta 1
907456224;805731579;814527725;285082435;44353742;2024-02-26;02:35:46;Victoria Atleta 1
906898071;885522635;894627133;103001528;133317226;2024-11-04;22:49:44;Victoria Atleta 2
289410720;193992556;342144876;60107896;842504671;2024-09-23;17:35:25;Victoria Atleta 1
81186456;624480194;962919829;893100259;231639604;2024-06-09;04:40:52;Victoria Atleta 1
279353694;555202943;879097016;727660603;666278;2024-01-08;10:08:50;Victoria Atleta 2
492029148;270851620;829577564;881787519;559062820;2024-06-24;22:34:19;Victoria Atleta 2
280397086;24531137;151533751;944952335;361513646;2024-06-03;22:17:28;Victoria Atleta 1
150739531;749662599;281685626;253788888;687896916;2024-01-20;15:26:53;Victoria Atleta 2
823565482;900493310;476071208;143872735;62620242;2024-04-23;01:13:18;Victoria Atleta 1
642216282;241221258;606054829;624730194;329689610;2024-05-03;19:00:00;Victoria Atleta 2
152310064;790033375;909101347;894627133;627828625;2024-05-28;20:25:13;Victoria Atleta 2
875536226;429398852;14398930;615651312;897860934;2024-06-09;23:27:00;Victoria Atleta 2
916345651;306376812;608047858;962919829;835360024;2024-11-04;19:19:37;Victoria Atleta 1
103015526;748034543;205670755;461336834;935989679;2024-10-06;11:46:28;Victoria Atleta 2
681601096;563061212;912380265;93137972;76515733;2024-08-05;16:53:58;Victoria Atleta 1
533948510;80106164;854704628;156594596;88030694;2024-10-29;01:05:55;Victoria Atleta 2
299771280;467143139;650786867;977807564;879028693;2024-02-03;20:14:37;Victoria Atleta 1
95833179;248162052;274293354;446124047;488859215;2024-06-15;16:46:52;Victoria Atleta 1
392430507;335607595;174932206;856086837;86274632;2024-08-08;22:41:37;Victoria Atleta 1
548865942;239437684;428909286;169948253;577431005;2024-01-20;17:28:45;Victoria Atleta 1
195530510;444347940;546753748;681448816;32927942;2024-06-24;21:07:48;Victoria Atleta 2
262230838;248162052;806947054;366240027;224617571;2024-08-10;10:01:12;Victoria Atleta 2
917839284;683455375;149395992;355738704;16561591;2024-01-25;11:22:57;Victoria Atleta 1
27042505;574225180;638614703;291804274;195786075;2024-08-19;13:15:16;Victoria Atleta 1
170189049;383220245;698635688;652202438;807135707;2024-05-22;10:07:58;Victoria Atleta 2
865329094;241910727;125819984;366240027;274012423;2024-02-23;19:16:33;Victoria Atleta 2
108947133;646870209;309541980;596121965;921962312;2024-06-26;05:22:00;Victoria Atleta 2
56561156;320646725;354945945;662218852;6503605;2024-04-03;08:10:29;Victoria Atleta 2
299775793;87545842;445432755;996965700;956966048;2024-03-24;17:38:55;Victoria Atleta 1
660246369;496083167;606054829;203204851;397248537;2024-02-25;19:05:21;Victoria Atleta 1
686818196;299353250;285082435;237982988;793961417;2024-08-03;02:22:54;Victoria Atleta 1
252570161;840500688;218323314;449349258;744493436;2024-03-09;13:24:24;Victoria Atleta 2
777391517;751839702;318602171;238529362;659849773;2024-04-30;22:50:03;Victoria Atleta 1
869043912;164951745;243477901;621063313;432508332;2024-03-12;05:00:31;Victoria Atleta 1
478609001;793338348;569100226;50446557;917372365;2024-05-25;11:16:29;Victoria Atleta 2
945440443;326671456;454503683;643721073;787866097;2024-06-19;20:15:13;Victoria Atleta 2
973662631;601866624;323463809;564898492;547790047;2024-03-24;08:48:34;Victoria Atleta 1
890692602;790273243;734916775;813729533;906906234;2024-06-06;02:22:35;Victoria Atleta 2
495370775;49335228;751194975;184123489;398151441;2024-07-10;01:07:22;Victoria Atleta 2
297953786;702336245;305286954;980985296;911546200;2024-07-14;05:36:40;Victoria Atleta 2
512627378;638962127;796590467;142121286;881392220;2024-07-12;17:11:55;Victoria Atleta 1
386362356;966927466;247962676;710148557;456265645;2024-06-13;22:14:36;Victoria Atleta 1
223213394;511996093;970264997;819488192;198126690;2024-04-12;00:56:27;Victoria Atleta 1
929292037;113860989;738682365;576313684;581943180;2024-02-29;10:13:11;Victoria Atleta 1
111624686;88783773;251013443;254659897;73168319;2024-11-08;15:13:23;Victoria Atleta 1
388252419;21147953;996965700;821763195;86274632;2024-09-22;02:57:51;Victoria Atleta 2
629348868;50945582;953276089;149913533;767471997;2024-05-20;04:31:28;Victoria Atleta 2
149954532;808965571;859230910;631161195;30781576;2024-06-18;05:39:23;Victoria Atleta 2
610733377;128208439;14398930;272399664;523843204;2024-03-10;03:42:57;Victoria Atleta 2
239830899;32324748;898958514;172640129;451998679;2024-11-11;23:54:42;Victoria Atleta 2
836747291;482467404;445471364;849245596;597633924;2024-05-12;05:17:35;Victoria Atleta 2
303809261;123735008;299596681;893100259;182996567;2024-08-11;21:27:41;Victoria Atleta 1
666221792;436857899;641463838;91407849;370027511;2024-11-04;14:44:53;Victoria Atleta 1
540826785;750856568;11493412;188369922;541866982;2024-07-11;13:40:55;Victoria Atleta 2
781104920;951124731;464241318;841790174;36586136;2024-07-15;05:51:15;Victoria Atleta 2
920452612;494576650;581541505;531502487;599820283;2024-09-05;02:44:51;Victoria Atleta 1
911127051;730790728;304616845;459775417;6821735;2024-02-15;06:25:47;Victoria Atleta 2
60500319;761443573;359467361;560940637;618064955;2024-08-23;21:26:33;Victoria Atleta 1
1107854;997234985;569457800;886508026;289226784;2024-01-17;17:14:02;Victoria Atleta 2
352456806;981975189;470191047;124635117;682340942;2024-04-21;19:16:39;Victoria Atleta 1
1118123;786509362;547200966;56612615;611031975;2024-08-09;08:00:10;Victoria Atleta 2
740896111;814509244;817432655;380795883;313158745;2024-04-26;04:30:08;Victoria Atleta 1
378710008;941565434;169948253;737091230;564372929;2024-06-01;04:38:30;Victoria Atleta 2
392263768;52420264;398422974;545181535;996018636;2024-07-14;23:12:00;Victoria Atleta 1
587765941;532732982;914223841;318220585;791375397;2024-07-16;16:04:07;Victoria Atleta 1
687085407;597222700;593249128;741325095;323420908;2024-10-17;17:23:56;Victoria Atleta 1
799366103;997234985;705402272;861455930;910668796;2024-07-18;01:10:05;Victoria Atleta 1
999559564;626944371;371598135;8328308;842977190;2024-10-01;11:57:27;Victoria Atleta 1
998409787;730790728;926539859;220180913;132355290;2024-09-28;11:33:38;Victoria Atleta 2
74455768;264655157;397567197;647349983;71233454;2024-03-09;18:52:44;Victoria Atleta 2
837309304;702682984;492980316;429195504;613715467;2024-10-12;09:19:36;Victoria Atleta 1
673079354;605295844;658666626;125902364;559062820;2024-03-26;02:11:28;Victoria Atleta 2
60524775;383313469;737791411;380346183;439322346;2024-02-15;10:30:00;Victoria Atleta 1
973379373;418443600;698635688;545181535;793961417;2024-03-15;19:33:38;Victoria Atleta 1
515224363;418443600;469926560;737131671;274318514;2024-08-03;10:22:39;Victoria Atleta 2
265951029;254516143;948400168;125917806;592868868;2024-11-21;16:27:33;Victoria Atleta 1
714070612;54675814;190271971;974222839;827866800;2024-10-10;22:27:59;Victoria Atleta 2
298849586;154769040;845640536;918704553;714071742;2024-03-02;11:27:03;Victoria Atleta 1
447148250;937411541;52497505;946453360;702512767;2024-01-05;01:58:35;Victoria Atleta 1
155744447;620472640;553706601;124635117;378405162;2024-06-10;08:48:37;Victoria Atleta 1
635991462;951124731;236637169;233793447;835392381;2024-05-05;02:56:17;Victoria Atleta 1
68163780;526718791;415413444;253773427;600342848;2024-04-15;00:52:44;Victoria Atleta 1
256068752;187562173;593203038;807347415;733767372;2024-07-16;16:28:26;Victoria Atleta 1
441224767;869302305;796590467;627903323;540991529;2024-06-27;09:07:10;Victoria Atleta 1
565347019;195988101;91344724;802681125;196657670;2024-10-25;13:26:36;Victoria Atleta 2
389078178;499499045;490322789;360852286;248507332;2024-09-24;12:55:43;Victoria Atleta 2
396980625;363983379;95321827;151533751;112138722;2024-03-09;10:53:39;Victoria Atleta 2
442280989;88783773;50446557;298854039;299870188;2024-05-08;00:32:26;Victoria Atleta 1
877632033;824609152;816221737;220180913;208278638;2024-04-07;16:04:53;Victoria Atleta 1
529264491;79764847;157333271;436972025;391351477;2024-10-11;17:26:51;Victoria Atleta 2
983093209;344287399;894627133;54576996;878097364;2024-03-06;05:50:50;Victoria Atleta 2
472381773;29554091;217042522;961690862;376806875;2024-03-12;10:50:45;Victoria Atleta 2
466245303;630820740;107755704;335121556;764439526;2024-04-11;00:07:21;Victoria Atleta 2
849542574;836058804;326279256;397908829;871911541;2024-08-16;01:43:29;Victoria Atleta 1
625326171;318900173;910674407;291207989;286187263;2024-01-19;16:20:33;Victoria Atleta 2
713401707;558422382;104591090;69065938;211830952;2024-03-20;17:56:07;Victoria Atleta 2
77100977;912362243;392137224;843679664;411476950;2024-04-20;20:11:17;Victoria Atleta 2
92158120;388841172;24344893;207808122;705486221;2024-08-09;01:34:21;Victoria Atleta 1
638778788;198666857;496878588;34699562;747546774;2024-05-23;17:40:51;Victoria Atleta 2
756373145;739637094;590954654;90953182;906189550;2024-10-21;21:07:06;Victoria Atleta 2
538517218;930818435;331598434;682610815;456435741;2024-03-16;03:05:54;Victoria Atleta 1
465106593;267933284;547200966;371598135;662003416;2024-10-05;09:53:31;Victoria Atleta 1
892200036;787385807;134722181;225471017;835360024;2024-06-25;19:38:47;Victoria Atleta 2
163150395;335613606;616838256;923140934;460078516;2024-06-13;01:32:39;Victoria Atleta 2
59202798;281640640;363202658;380795883;282351539;2024-08-08;11:21:53;Victoria Atleta 2
928836314;123476996;348379689;83053634;623802054;2024-11-06;16:58:58;Victoria Atleta 1
92093618;517791638;878049304;799487472;185833096;2024-05-01;20:07:34;Victoria Atleta 2
271666821;128208439;625576946;796042631;622266800;2024-05-04;15:57:32;Victoria Atleta 2
711371857;697565985;928166176;744565084;688574827;2024-10-12;07:01:32;Victoria Atleta 2
396288803;408067806;413859230;172571067;704149679;2024-05-03;17:08:16;Victoria Atleta 1
234491058;900493310;866883375;520477249;182188431;2024-07-18;07:44:34;Victoria Atleta 1
331546708;515990941;471918662;976617050;493120232;2024-02-19;05:24:37;Victoria Atleta 2
619559598;225491115;91362658;396441523;695144098;2024-09-22;16:20:35;Victoria Atleta 2
326746601;269163582;617326307;478899595;250734443;2024-06-02;09:25:06;Victoria Atleta 1
393582091;788639287;962791436;261425656;900380042;2024-03-23;19:39:46;Victoria Atleta 1
505841832;885504903;253788888;61072760;525704744;2024-03-07;03:09:51;Victoria Atleta 2
96731415;986784653;56612615;77981271;784186684;2024-03-16;11:23:06;Victoria Atleta 1
235735993;786486997;502024893;355738704;485651707;2024-03-16;16:23:44;Victoria Atleta 2
446887369;97933551;815395520;841160179;669847996;2024-06-18;18:11:04;Victoria Atleta 2
491116955;137100639;671379308;260575521;452667734;2024-08-24;04:35:08;Victoria Atleta 1
151587765;981975189;348379689;413029126;515754193;2024-01-03;11:40:36;Victoria Atleta 2
30963407;343383502;255236279;826365098;577606276;2024-07-09;10:34:47;Victoria Atleta 1
865867703;943332164;253788888;863459613;893823915;2024-04-13;00:20:39;Victoria Atleta 2
105875571;840500688;476071208;318602171;934200996;2024-09-16;20:07:06;Victoria Atleta 1
231257019;400874993;212790520;974222839;764439526;2024-09-15;18:10:09;Victoria Atleta 2
796783722;602863141;664749885;318602171;404836182;2024-02-27;02:34:15;Victoria Atleta 2
643978;653969314;675212506;330264476;63930469;2024-06-10;03:45:12;Victoria Atleta 1
465830486;700448396;681448816;592528847;323420908;2024-09-11;12:34:12;Victoria Atleta 2
500234513;792882003;356396938;843882829;556751003;2024-02-07;11:19:26;Victoria Atleta 1
981003370;732873035;282609219;913147961;228067154;2024-09-08;11:50:17;Victoria Atleta 1
758846464;819394087;736629219;290182795;154323644;2024-05-05;02:12:33;Victoria Atleta 1
540118721;870242572;988303198;892846978;107332465;2024-09-26;03:00:29;Victoria Atleta 1
150531386;897708698;819334585;267649867;195786075;2024-01-18;21:08:30;Victoria Atleta 1
930346996;728021378;445471364;816485707;579906511;2024-02-21;09:09:33;Victoria Atleta 2
586743406;562480181;945947103;841790174;185833096;2024-04-01;10:29:10;Victoria Atleta 1
519774515;774821079;569457800;220180913;735271387;2024-01-05;23:17:38;Victoria Atleta 2
348614708;779665948;736934040;233044086;511489517;2024-05-20;20:21:53;Victoria Atleta 1
121736714;725668988;799000370;906505604;409292789;2024-10-27;05:01:19;Victoria Atleta 1
535694889;255144307;5548185;714714266;857613617;2024-04-23;00:16:53;Victoria Atleta 2
832305952;966291032;550679454;479525925;110222235;2024-06-23;00:59:02;Victoria Atleta 2
337600123;834798497;953113355;377785953;717748241;2024-10-04;12:26:25;Victoria Atleta 1
963969580;830913308;260575521;220180913;195786075;2024-06-18;02:21:59;Victoria Atleta 2
545438651;917423178;86121155;420084852;576146015;2024-04-28;13:26:58;Victoria Atleta 2
560418499;272070072;338850488;863459613;68411371;2024-02-13;06:26:59;Victoria Atleta 2
512371274;150705401;443300933;619459494;329689610;2024-07-21;19:50:35;Victoria Atleta 2
849784756;79592112;693557379;199735159;961716990;2024-08-16;03:56:29;Victoria Atleta 1
691887334;444347940;37383384;623203079;600297306;2024-10-27;05:17:12;Victoria Atleta 1
7223497;65948683;590954654;299596681;318984760;2024-11-12;10:27:20;Victoria Atleta 2
425706065;464161723;734168208;338141887;396806928;2024-04-14;17:01:28;Victoria Atleta 2
727637334;796840771;413029126;389482766;777011262;2024-04-06;08:43:12;Victoria Atleta 2
584880126;321299885;762934182;959805954;221015713;2024-05-21;05:16:07;Victoria Atleta 1
806965640;500323368;606522053;335121556;657827371;2024-07-14;18:46:22;Victoria Atleta 1
101808138;75383069;50446557;665785658;478368715;2024-07-30;18:19:42;Victoria Atleta 1
566346258;88502029;948934318;464241318;515691282;2024-09-14;15:38:37;Victoria Atleta 2
674525736;155730764;205609348;980244918;62620242;2024-02-24;02:40:41;Victoria Atleta 1
981456123;715985580;777828892;107996612;372996773;2024-02-26;15:47:01;Victoria Atleta 2
419976238;799147441;225471017;348296444;699961003;2024-08-31;14:45:14;Victoria Atleta 2
923376772;611914164;476071208;817432655;570308731;2024-01-20;22:38:24;Victoria Atleta 2
26132652;499935207;225198333;737091230;167929640;2024-05-11;20:49:16;Victoria Atleta 1
355320471;339846797;755290508;454265572;44219479;2024-03-20;14:02:15;Victoria Atleta 1
327429621;768341311;884187759;714113767;268283921;2024-04-16;13:05:41;Victoria Atleta 2
379842070;788639287;42401783;953987101;726376947;2024-01-02;12:02:19;Victoria Atleta 1
972637713;708831048;739048575;836298233;61593871;2024-09-23;01:59:37;Victoria Atleta 2
329765057;697565985;799820690;832476901;965299054;2024-01-22;12:15:54;Victoria Atleta 2
403391309;282686133;525995776;652202438;130250757;2024-09-30;13:54:09;Victoria Atleta 1
940455972;720220040;361956786;682610815;569089146;2024-10-10;15:30:08;Victoria Atleta 1
856018580;2409672;617326307;829307965;353207739;2024-01-29;15:22:30;Victoria Atleta 2
969274140;88783773;482654549;207808122;356432573;2024-07-30;04:10:04;Victoria Atleta 1
215156392;424462542;337325801;309541980;111808116;2024-02-29;14:49:16;Victoria Atleta 2
771085952;802135652;786297235;980308791;439322346;2024-01-08;18:52:28;Victoria Atleta 2
489357787;555202943;479525925;390954653;243560692;2024-09-28;13:24:53;Victoria Atleta 1
593236357;854559150;294741981;91407849;751103978;2024-10-21;20:38:42;Victoria Atleta 1
529672218;882070512;63653738;411674283;856711268;2024-04-23;01:27:18;Victoria Atleta 2
545624935;357207092;900041866;52013095;992810799;2024-08-10;01:01:58;Victoria Atleta 2
31357511;778982284;647349983;630768212;703524665;2024-09-27;07:31:57;Victoria Atleta 2
229202783;953442080;786297235;919605791;792472712;2024-01-23;07:42:25;Victoria Atleta 2
760295024;931549763;734792990;807155895;185833096;2024-05-15;18:55:48;Victoria Atleta 2
81605133;629561748;644609233;647349983;320980844;2024-08-09;02:06:04;Victoria Atleta 1
429518886;573689550;211993370;468525487;703524665;2024-08-10;05:33:26;Victoria Atleta 2
416285524;869873642;699163170;751704365;280984401;2024-05-21;17:47:46;Victoria Atleta 2
532079971;318251470;185153584;348296444;304468533;2024-09-19;06:51:38;Victoria Atleta 2
524732057;593408820;727222305;411674283;620889208;2024-08-14;04:41:16;Victoria Atleta 1
325770616;330042321;233023309;980244918;175614776;2024-07-11;06:37:08;Victoria Atleta 1
567423969;843841762;420945436;657532486;577431005;2024-08-27;04:56:32;Victoria Atleta 2
789013950;499608200;54576996;160256279;234575197;2024-09-02;01:25:43;Victoria Atleta 2
756758605;712544693;798135922;368751278;732686207;2024-08-27;01:53:17;Victoria Atleta 2
959254290;942406399;553706601;622787018;135226903;2024-10-18;12:33:32;Victoria Atleta 1
820260179;738238599;144776655;547200966;233470551;2024-07-31;01:54:10;Victoria Atleta 2
780164157;587696346;662941917;381903672;956966048;2024-03-14;07:32:24;Victoria Atleta 2
339649059;206143119;247962676;99385926;812170773;2024-11-16;23:47:27;Victoria Atleta 1
591283575;814187193;692169733;542468345;801286676;2024-03-28;01:36:39;Victoria Atleta 2
484311161;766999695;420084852;203204851;827049607;2024-01-04;14:25:18;Victoria Atleta 2
843244325;672405718;423238405;765238963;930507393;2024-07-07;13:58:48;Victoria Atleta 2
217769849;28584976;650272284;841160179;935658895;2024-02-02;16:40:39;Victoria Atleta 2
67461489;482467404;286717172;313805209;425685259;2024-01-13;11:50:08;Victoria Atleta 1
325417607;137100639;780803573;389482766;354389621;2024-05-20;08:24:41;Victoria Atleta 1
626424155;860837613;781792483;74801655;520400191;2024-11-21;13:14:05;Victoria Atleta 2
692030067;950110278;56612615;936566619;871791687;2024-01-15;19:04:24;Victoria Atleta 2
144319318;476853787;156846980;381758815;398151441;2024-09-12;11:52:11;Victoria Atleta 1
990255566;558422382;627903323;468112790;316068541;2024-08-23;03:53:57;Victoria Atleta 1
969295372;294333215;112607505;779378511;492074558;2024-11-13;14:35:06;Victoria Atleta 1
482008374;925097282;38023749;247962676;947992609;2024-07-16;08:30:39;Victoria Atleta 2
106191195;998161598;946366922;959429836;155400177;2024-08-24;07:01:28;Victoria Atleta 1
311121656;145012008;272399664;405426645;418465129;2024-06-30;16:46:37;Victoria Atleta 1
408637923;524362434;892566759;464241318;733767372;2024-08-19;05:24:12;Victoria Atleta 2
323572875;275428652;149913533;739048575;722746295;2024-03-19;16:34:06;Victoria Atleta 2
598906352;778011213;681448816;13818534;435603850;2024-11-20;05:45:47;Victoria Atleta 2
397700412;494494984;3113748;784384253;861044643;2024-02-03;05:25:06;Victoria Atleta 2
905476678;467992971;674504128;54362184;913715462;2024-08-13;03:21:39;Victoria Atleta 2
166022679;467992971;959805954;261425656;458484890;2024-09-23;16:13:33;Victoria Atleta 1
269275383;572918265;788072423;392137224;659866144;2024-05-02;00:36:15;Victoria Atleta 1
925076726;887032656;354393095;614496347;36586136;2024-08-17;14:08:21;Victoria Atleta 1
743428017;386902110;734536028;753447671;532453546;2024-03-01;02:38:19;Victoria Atleta 2
385847143;170296194;913151152;288472574;559062820;2024-03-05;06:02:38;Victoria Atleta 2
477586931;630820740;205609348;293541874;240108497;2024-10-06;21:52:21;Victoria Atleta 1
157269870;1457150;613575331;103005544;763447782;2024-08-14;08:11:58;Victoria Atleta 1
346890269;806270303;851332709;5548185;747546774;2024-11-10;07:19:00;Victoria Atleta 1
899161934;616974949;392653563;450925029;265254646;2024-10-26;04:53:18;Victoria Atleta 2
760190554;197024084;330991520;511107545;699961003;2024-06-14;23:47:23;Victoria Atleta 2
887130205;13445858;190271971;806947054;833341232;2024-01-02;21:16:07;Victoria Atleta 1
566021312;249376481;724861044;449349258;596872269;2024-10-01;21:04:48;Victoria Atleta 2
162501974;335607595;657230733;693557379;2137172;2024-02-12;00:45:47;Victoria Atleta 1
378387092;509326696;21491615;205670755;939538041;2024-02-25;00:21:51;Victoria Atleta 2
451569447;405268344;257658640;569457800;661594967;2024-02-27;19:48:00;Victoria Atleta 1
271107272;88502029;73030780;564898492;201468911;2024-07-06;23:10:44;Victoria Atleta 2
917333667;49335228;829307965;644609233;164546586;2024-03-19;05:29:28;Victoria Atleta 1
918446052;568409180;216467712;744379487;117126345;2024-08-20;11:26:11;Victoria Atleta 1
222177144;741620274;147627964;839961651;182996567;2024-07-07;08:45:17;Victoria Atleta 1
693870309;854559150;288014548;264066998;542105855;2024-06-08;01:45:30;Victoria Atleta 2
703663143;966291032;53260094;411674283;148774819;2024-09-21;08:15:34;Victoria Atleta 1
461764754;228241627;28987654;526641925;890238440;2024-08-25;00:52:58;Victoria Atleta 2
403872264;872821620;107755704;992942549;73168319;2024-03-31;19:42:03;Victoria Atleta 1
243719978;251791507;380346183;361956786;318984760;2024-08-23;05:30:39;Victoria Atleta 1
596141521;736857122;269689254;822275438;680308708;2024-04-11;17:15:56;Victoria Atleta 2
233840090;479381271;747719249;820193155;158271263;2024-07-26;01:57:56;Victoria Atleta 1
977529135;935731060;537798281;142085149;177664096;2024-04-19;17:19:51;Victoria Atleta 2
54682044;715686012;516053767;290182795;703737337;2024-03-16;23:45:29;Victoria Atleta 2
331280044;477943619;814527725;428909286;370027511;2024-08-16;20:57:00;Victoria Atleta 2
189004252;290755294;590954654;714113767;21428257;2024-07-18;15:35:54;Victoria Atleta 1
559911564;155730764;165136368;681448816;449011561;2024-02-19;18:38:02;Victoria Atleta 2
80681808;145205572;817028118;517854066;632618130;2024-06-06;15:58:25;Victoria Atleta 1
145940325;159098108;962791436;810905857;278716340;2024-09-21;01:46:23;Victoria Atleta 1
786920356;388841172;276512439;189999416;346276978;2024-11-11;19:55:33;Victoria Atleta 1
561140304;951124731;355738704;643143413;577336898;2024-10-10;12:53:20;Victoria Atleta 2
259710080;807172312;470438585;913147961;420195015;2024-03-21;10:15:36;Victoria Atleta 1
803184036;500323368;913147961;428909286;473827231;2024-02-28;14:39:27;Victoria Atleta 1
20344643;261762208;219237171;388062953;280984401;2024-08-03;05:12:17;Victoria Atleta 2
406048752;3370702;275734149;454503683;841595780;2024-02-29;20:39:45;Victoria Atleta 1
701375147;621153431;120575540;912380265;495801416;2024-04-07;10:31:54;Victoria Atleta 2
293552076;795159062;269689254;200892369;567291027;2024-03-07;03:56:48;Victoria Atleta 2
614710264;280499975;125819984;107996612;95404091;2024-08-06;15:51:37;Victoria Atleta 2
845837247;147471546;584701348;247962676;653533431;2024-06-23;16:38:02;Victoria Atleta 1
869545269;270851620;400234821;643436264;878097364;2024-10-01;18:07:35;Victoria Atleta 1
102887839;452043531;415413444;50446557;940435187;2024-01-14;02:31:26;Victoria Atleta 2
883869629;694010021;698720994;218323314;154094630;2024-07-09;06:03:59;Victoria Atleta 2
730654287;603350884;821763195;992942549;260844550;2024-05-15;23:36:34;Victoria Atleta 1
971973250;895246175;819170722;267003660;30339950;2024-08-26;17:52:41;Victoria Atleta 1
494253029;647389643;392653563;156594596;636127305;2024-10-28;17:19:51;Victoria Atleta 2
23374649;105967453;709518851;133658164;573127223;2024-06-08;04:20:10;Victoria Atleta 1
963801036;451006205;566463425;15765372;999544259;2024-08-02;18:02:08;Victoria Atleta 2
435559772;999393786;337325801;789358003;265254646;2024-11-15;03:44:47;Victoria Atleta 1
117014453;669049705;584701348;526641925;463956283;2024-04-06;09:17:30;Victoria Atleta 2
717702044;563061212;346903647;459775417;77674514;2024-09-28;09:35:46;Victoria Atleta 2
42231399;749732783;743019471;850574042;861794281;2024-01-08;17:58:22;Victoria Atleta 1
785214797;681349174;980985296;959429836;488342610;2024-04-06;15:26:23;Victoria Atleta 1
793549511;503522306;217042522;243477901;330995716;2024-09-30;03:50:39;Victoria Atleta 1
829556176;698873541;841780941;186918597;967362502;2024-11-21;18:42:43;Victoria Atleta 2
280342171;722161176;762934182;845150677;460442303;2024-04-14;03:55:13;Victoria Atleta 2
239651201;627675777;364386401;99070157;897860934;2024-02-03;23:04:56;Victoria Atleta 2
404124;540554517;62722857;380346183;174700251;2024-05-10;18:04:41;Victoria Atleta 1
344466726;137295167;506757840;980308791;116990733;2024-07-05;10:47:34;Victoria Atleta 1
216826726;692844457;742542273;961570012;290290343;2024-05-03;11:30:10;Victoria Atleta 1
845353884;436857899;936622172;14398930;842494964;2024-09-11;23:34:35;Victoria Atleta 2
731410568;167009763;621980646;910674407;346276978;2024-04-03;19:22:01;Victoria Atleta 1
817737663;990805055;141650678;370901341;321353595;2024-11-21;14:23:50;Victoria Atleta 2
63368011;389529016;456131798;860351238;599287899;2024-11-10;17:54:32;Victoria Atleta 1
239056968;360692159;305529652;291896299;713976389;2024-04-25;19:52:58;Victoria Atleta 1
163493773;780576466;607649749;807347415;579405251;2024-08-19;13:03:10;Victoria Atleta 2
235321401;182308558;321661082;549367430;878097364;2024-04-12;10:26:09;Victoria Atleta 1
654024454;784577261;338850488;872752142;570970262;2024-10-05;20:29:54;Victoria Atleta 2
193727360;564469325;210674793;628164123;509389394;2024-11-16;18:18:17;Victoria Atleta 1
783699496;79592112;987033637;737110365;709496826;2024-03-10;06:42:27;Victoria Atleta 2
724137721;914450715;525995776;118911418;47180249;2024-06-18;17:57:34;Victoria Atleta 1
97154310;778277909;259674147;956313649;481662331;2024-11-20;02:39:36;Victoria Atleta 2
740379959;521659529;727660603;470438585;410654109;2024-03-22;06:14:52;Victoria Atleta 1
428137070;555742529;625576946;285082435;717851895;2024-10-27;06:56:37;Victoria Atleta 2
472889339;951124731;840083491;597493709;695144098;2024-01-03;01:25:19;Victoria Atleta 2
605732694;25309671;715990067;549367430;186725614;2024-09-17;14:18:03;Victoria Atleta 2
646883813;79592112;502459620;946366922;756746408;2024-11-06;00:06:08;Victoria Atleta 1
330025429;678801774;277636442;621980646;928605097;2024-07-21;17:08:23;Victoria Atleta 1
381049896;783969760;172571067;470191047;75498815;2024-03-13;10:13:36;Victoria Atleta 2
356631511;694010021;604851065;976196001;136844720;2024-08-10;07:47:31;Victoria Atleta 2
576242400;808965571;727660603;865599352;416528540;2024-08-05;09:59:04;Victoria Atleta 1
462673590;692844457;251013443;327964580;297777061;2024-08-26;02:39:32;Victoria Atleta 2
778528192;409505333;257658640;734021544;419277482;2024-03-22;15:16:11;Victoria Atleta 1
87132899;362987242;247327689;357259074;109289;2024-03-05;21:09:23;Victoria Atleta 1
86560766;796840771;14398930;296325163;618064955;2024-01-10;09:45:22;Victoria Atleta 1
824525849;473801165;567299976;274293354;942332012;2024-10-19;02:20:03;Victoria Atleta 2
528187037;128246930;118073343;109682377;209922873;2024-06-18;18:40:34;Victoria Atleta 2
873680221;28710095;586825325;420084852;166924140;2024-08-27;07:31:06;Victoria Atleta 2
544941706;317786413;327964580;860576451;560614415;2024-04-13;06:55:01;Victoria Atleta 1
470561050;824609152;745821106;298854039;459991716;2024-09-11;10:45:30;Victoria Atleta 2
717161928;27940837;200333520;847149903;684401407;2024-02-07;00:01:52;Victoria Atleta 2
828140265;766999695;630685439;735954267;977233910;2024-07-21;10:58:30;Victoria Atleta 2
932920317;981975189;819498106;147627964;117126345;2024-07-30;23:02:10;Victoria Atleta 1
570588445;799147441;621640283;264704038;875602292;2024-08-09;00:49:20;Victoria Atleta 1
767786174;421246612;476071208;222383646;764660206;2024-02-26;23:52:18;Victoria Atleta 2
520773312;576445883;802494428;288014548;734638149;2024-09-30;08:05:09;Victoria Atleta 2
142856115;574225180;630759781;981095941;861044643;2024-05-08;04:27:46;Victoria Atleta 1
402684311;186299655;815395520;644609233;991966413;2024-10-14;18:37:57;Victoria Atleta 2
917298526;805731579;91506331;278746868;392842881;2024-03-08;00:11:53;Victoria Atleta 1
146860915;807172312;725198563;112607505;173722845;2024-08-01;11:27:23;Victoria Atleta 2
230777506;479381271;125902364;691033060;825761431;2024-07-28;23:25:19;Victoria Atleta 2
445998039;333794200;338850488;166574831;79232997;2024-10-09;15:44:48;Victoria Atleta 1
660923347;969727657;91407849;806411009;549198705;2024-11-16;00:26:34;Victoria Atleta 1
837353847;1545626;429195504;657408380;424674356;2024-09-26;19:33:59;Victoria Atleta 1
260783584;541061270;265562336;976861559;833738900;2024-11-06;08:12:32;Victoria Atleta 2
131171288;672797152;692169733;798135922;510543356;2024-09-03;09:06:48;Victoria Atleta 2
57569301;3705875;465096739;456075337;913715462;2024-06-10;08:25:16;Victoria Atleta 2
46447413;546370970;349997769;565984238;174700251;2024-11-11;23:02:44;Victoria Atleta 1
350718298;521931511;18743108;389482766;861134546;2024-09-13;18:41:30;Victoria Atleta 2
685009560;351834707;242651557;353292177;189947753;2024-01-15;15:37:24;Victoria Atleta 1
714815688;74460779;125917806;584701348;906906234;2024-07-22;04:24:26;Victoria Atleta 1
70677565;950110278;581541505;868264025;88836396;2024-07-16;07:47:33;Victoria Atleta 2
676151224;633334380;151533751;751194975;112138722;2024-09-18;17:06:29;Victoria Atleta 2
530049052;594916634;62722857;918502575;432994306;2024-06-24;17:55:27;Victoria Atleta 2
265115689;213382832;579545702;274293354;316068541;2024-04-07;22:52:56;Victoria Atleta 1
834154034;740672902;99171956;283081242;111985778;2024-10-02;15:23:46;Victoria Atleta 2
601773870;521470079;945302434;470438585;960692309;2024-03-04;18:01:13;Victoria Atleta 2
228416249;860837613;366734191;606522053;615427557;2024-10-11;20:41:11;Victoria Atleta 2
109467239;213382832;225471017;454503683;567232725;2024-03-19;16:34:45;Victoria Atleta 1
952905286;872821620;762934182;892566759;195786075;2024-07-10;21:38:22;Victoria Atleta 2
363202917;544592902;818661899;918502575;560614415;2024-06-14;09:33:05;Victoria Atleta 2
87729936;601866624;741178445;400344713;995251640;2024-01-03;08:14:48;Victoria Atleta 2
635031091;118390834;971701598;644956389;917659302;2024-04-20;20:31:15;Victoria Atleta 2
61271680;123735008;698720994;934183164;381401473;2024-09-09;00:11:07;Victoria Atleta 2
120638884;856250889;464241318;798135922;258303683;2024-06-28;11:15:49;Victoria Atleta 2
56956729;426335164;165136368;654063701;704149679;2024-09-01;01:43:16;Victoria Atleta 1
111049067;421246612;264066998;711605402;965012191;2024-08-06;17:45:46;Victoria Atleta 1
656386632;584605342;470191047;517854066;678696621;2024-01-26;08:53:19;Victoria Atleta 2
601237855;818607836;118898544;614352997;941475488;2024-05-01;22:03:28;Victoria Atleta 1
587214839;938743691;456075337;353292177;645407123;2024-04-11;19:03:38;Victoria Atleta 2
528565168;178806128;819498106;796287013;597633924;2024-06-29;04:58:51;Victoria Atleta 2
666231313;564469325;832489767;607649749;201468911;2024-02-05;07:18:50;Victoria Atleta 1
230778318;247640417;841790174;241516706;28522302;2024-06-26;20:18:09;Victoria Atleta 2
916540867;763952850;611915917;804730444;792840604;2024-03-14;07:06:06;Victoria Atleta 2
956290139;629561748;915748328;186298534;493646664;2024-04-18;09:51:37;Victoria Atleta 2
993603219;166759544;203348754;867325494;485990500;2024-05-05;14:22:59;Victoria Atleta 1
794787596;824609152;54576996;252479973;801286676;2024-10-06;19:02:52;Victoria Atleta 2
769289709;986784653;789049406;781539371;930507393;2024-09-04;01:09:50;Victoria Atleta 1
211750277;236764955;881250345;257658640;991966413;2024-05-15;01:06:45;Victoria Atleta 1
591202407;391472013;845640536;53260094;765105082;2024-07-03;09:13:01;Victoria Atleta 2
791785539;374982737;142121286;725198563;633094317;2024-01-08;23:15:17;Victoria Atleta 1
956976433;20468589;817432655;26670045;489605484;2024-02-28;00:45:40;Victoria Atleta 2
206681060;813582719;343209045;66534920;722746295;2024-05-25;16:15:27;Victoria Atleta 2
966814150;935731060;873163390;173393783;563038264;2024-03-10;17:00:51;Victoria Atleta 1
992347210;314234344;951526495;436972025;214904111;2024-05-24;05:24:40;Victoria Atleta 1
122094634;705481464;255236279;738682365;398151441;2024-09-12;15:12:21;Victoria Atleta 2
858085615;660112637;742542273;623203079;268283921;2024-01-01;22:31:53;Victoria Atleta 2
48039395;107568877;124882293;818661899;592428804;2024-03-15;07:19:03;Victoria Atleta 2
959101519;887032656;898958514;679257397;209431755;2024-10-22;19:18:18;Victoria Atleta 1
645522764;844706623;590093260;657408380;122805548;2024-02-07;02:50:15;Victoria Atleta 2
725202615;198666857;329343770;762401923;752028502;2024-10-31;05:44:38;Victoria Atleta 2
376847931;892852922;153813825;865712103;988925268;2024-03-24;18:22:24;Victoria Atleta 1
897323218;725872111;877776239;689586241;742141625;2024-05-12;11:12:44;Victoria Atleta 1
859906816;839131818;364386401;211432634;37339070;2024-07-01;01:25:08;Victoria Atleta 1
558509779;779002503;479525925;247327689;590343742;2024-07-26;23:46:32;Victoria Atleta 1
879366816;759489719;505233215;900041866;827049607;2024-09-01;18:48:46;Victoria Atleta 1
962296907;251637451;615651312;802494428;608304228;2024-01-09;21:24:52;Victoria Atleta 2
517233111;813582719;83053634;865599352;565683983;2024-05-24;03:34:35;Victoria Atleta 1
504260641;779002503;850720723;104591090;759951420;2024-10-06;21:43:16;Victoria Atleta 1
230470301;131459005;671379308;468525487;197823644;2024-03-19;21:10:34;Victoria Atleta 2
514187958;107568877;207808122;416009677;713753925;2024-06-14;10:24:45;Victoria Atleta 2
610410082;620472640;392137224;736629219;321065940;2024-09-05;16:56:05;Victoria Atleta 1
891975247;64436514;991866379;452664217;208728137;2024-04-23;22:03:24;Victoria Atleta 2
595281377;315534484;558271934;813437394;791375397;2024-02-08;16:08:56;Victoria Atleta 1
390376707;630719064;253788888;627903323;577431005;2024-03-09;04:23:08;Victoria Atleta 2
68995038;515990941;341044128;677849108;785090710;2024-03-29;08:58:05;Victoria Atleta 1
92706529;735931139;892846978;291896299;903588830;2024-07-26;19:26:33;Victoria Atleta 1
983235710;28241604;762538208;947297906;233866131;2024-10-31;07:55:49;Victoria Atleta 1
174137036;993722562;560513672;818661899;126342210;2024-06-01;12:15:05;Victoria Atleta 2
766218314;824908578;734168208;475026568;211724132;2024-02-17;06:19:47;Victoria Atleta 2
401396184;314234344;415413444;823987478;856711268;2024-01-25;14:12:57;Victoria Atleta 2
962639415;249376481;28987654;420084852;680308708;2024-09-30;23:17:07;Victoria Atleta 2
605724257;999229844;398162046;124882293;154323644;2024-08-21;19:12:30;Victoria Atleta 2
887479152;418443600;681448816;771598787;282351539;2024-08-10;17:34:21;Victoria Atleta 2
150792600;621922935;560415803;416604420;820841815;2024-04-02;03:06:34;Victoria Atleta 2
324864579;409102751;445471364;806947054;545723855;2024-04-29;14:36:17;Victoria Atleta 1
239631485;925358927;211993370;122632017;405790569;2024-06-30;12:39:31;Victoria Atleta 2
554433235;576110415;104591090;468413115;463201086;2024-04-03;06:43:25;Victoria Atleta 1
831224984;356674671;287339251;513082106;956966048;2024-05-03;16:49:28;Victoria Atleta 1
636099835;128208439;237982988;980308791;857613617;2024-07-14;15:55:04;Victoria Atleta 2
372785236;763952850;342144876;883681774;543798289;2024-01-07;10:56:08;Victoria Atleta 2
797523247;400124970;483472193;207339576;762170118;2024-03-11;03:38:32;Victoria Atleta 1
149978165;45252035;397908829;751704365;149900418;2024-02-04;14:30:19;Victoria Atleta 1
31624080;970444000;332397975;207339576;442479462;2024-10-14;16:49:44;Victoria Atleta 1
389316186;970454015;542468345;712789635;383429103;2024-05-28;03:26:15;Victoria Atleta 2
232386754;787385807;11702789;128174602;424674356;2024-05-30;20:37:09;Victoria Atleta 2
432710269;750604520;547200966;531502487;106145077;2024-03-24;23:59:54;Victoria Atleta 1
987314296;25309671;377785953;294828507;378596636;2024-10-16;07:27:52;Victoria Atleta 2
744403216;154572268;262782436;615016131;458484890;2024-03-25;02:39:40;Victoria Atleta 2
206488750;534426231;578413622;230209709;930051641;2024-09-25;18:49:50;Victoria Atleta 1
51297005;338094890;420823202;873163390;703345528;2024-09-10;00:22:51;Victoria Atleta 2
978837846;314234344;489351863;250514316;211724132;2024-10-21;18:34:52;Victoria Atleta 2
521961782;602863141;638614703;819488192;966015047;2024-09-30;05:07:54;Victoria Atleta 1
495599124;774821079;371598135;276941887;900380042;2024-11-09;17:54:36;Victoria Atleta 2
687897804;885522635;153813825;630685439;934758412;2024-10-01;10:48:21;Victoria Atleta 2
397707760;840829614;86121155;646750431;293920651;2024-06-19;21:31:02;Victoria Atleta 1
542752488;744197746;625203011;976861559;219515956;2024-08-01;19:57:23;Victoria Atleta 2
758196326;179266256;400344713;674354578;588529183;2024-04-13;13:04:18;Victoria Atleta 2
612018068;216184068;798135922;860351238;717748241;2024-09-06;12:34:03;Victoria Atleta 1
591805612;575617787;542468345;625342170;793847013;2024-08-30;10:43:36;Victoria Atleta 1
497424966;57803572;609182774;835404903;216835325;2024-08-23;16:20:36;Victoria Atleta 2
647252060;679332852;289978539;835404903;512144891;2024-06-05;20:55:10;Victoria Atleta 2
176611958;540554517;364386401;806411009;929055126;2024-10-24;12:32:30;Victoria Atleta 2
123647101;387549887;18396460;142121286;357029519;2024-07-31;12:07:16;Victoria Atleta 2
744533687;528886475;335121556;606522053;449011561;2024-10-04;02:38:29;Victoria Atleta 2
268137580;752980428;598074501;448620142;621463473;2024-06-25;21:39:58;Victoria Atleta 1
869975107;633334380;543712648;737791411;211724132;2024-02-10;15:34:38;Victoria Atleta 2
143713563;320646725;807155895;356581844;620013466;2024-06-29;13:25:19;Victoria Atleta 1
107024300;28710095;200333520;690007849;30339950;2024-04-15;13:39:40;Victoria Atleta 1
461730600;953442080;743019471;304004387;327228289;2024-01-14;15:06:57;Victoria Atleta 2
601929836;555742529;456146970;221151428;659742363;2024-04-25;23:38:02;Victoria Atleta 2
265145616;799147441;172640129;107996612;201468911;2024-02-16;00:58:23;Victoria Atleta 2
230442517;413941144;820193155;294741981;719153557;2024-10-24;16:40:09;Victoria Atleta 2
883120506;318251470;911164263;928044399;346276978;2024-03-26;15:06:01;Victoria Atleta 2
338327293;560548115;318602171;884187759;198126690;2024-05-02;14:39:49;Victoria Atleta 2
833701011;518128998;675212506;102395595;91969485;2024-11-11;04:02:14;Victoria Atleta 1
679454191;69544538;306779808;788179143;88030694;2024-07-04;12:05:44;Victoria Atleta 1
934055770;567217346;318220585;454503683;286187263;2024-02-02;02:33:33;Victoria Atleta 2
310119949;288663769;980308791;306756079;266333504;2024-09-13;18:17:05;Victoria Atleta 2
732077707;2042462;468112790;698635688;370772904;2024-06-07;02:39:38;Victoria Atleta 1
798433214;578312339;599812449;893100259;986237084;2024-09-28;14:06:16;Victoria Atleta 1
672195534;24189683;863459613;88995198;900380042;2024-06-24;23:39:08;Victoria Atleta 2
781840757;878640229;257658640;90953182;897599268;2024-04-23;20:03:28;Victoria Atleta 2
191752722;804176382;917979376;198174419;903588830;2024-07-13;21:14:09;Victoria Atleta 1
834015133;926638642;205609348;4614653;974112152;2024-02-20;18:07:39;Victoria Atleta 1
464313615;338282866;479203379;745821106;317903770;2024-06-03;14:10:48;Victoria Atleta 1
379533967;400874993;188369922;285711173;418465129;2024-06-10;07:13:27;Victoria Atleta 2
308756344;549003314;465186635;611812237;626098255;2024-08-17;04:11:29;Victoria Atleta 1
386158018;399549228;892566759;482654549;684401407;2024-02-29;07:21:20;Victoria Atleta 1
643722733;276770894;734792990;276941887;561307492;2024-03-29;15:14:44;Victoria Atleta 1
686202828;583346800;36247710;211432634;378236302;2024-10-04;17:27:19;Victoria Atleta 1
480229727;263094792;562591166;149582314;890238440;2024-10-24;15:11:27;Victoria Atleta 1
679896476;730614859;831677262;70098081;973223469;2024-03-31;12:03:31;Victoria Atleta 1
477386838;711860744;888652553;153813825;612443700;2024-01-14;10:03:11;Victoria Atleta 2
116737792;949556473;691528620;424625438;556751003;2024-03-21;04:25:22;Victoria Atleta 2
646519218;702336245;895733137;448620142;211830952;2024-09-15;01:54:32;Victoria Atleta 1
915043071;715686012;26670045;147627964;927682285;2024-11-12;15:38:22;Victoria Atleta 1
233979621;512279604;25989542;458807846;274569592;2024-07-24;03:51:47;Victoria Atleta 1
710352780;196220018;645426016;233793447;878632342;2024-01-29;19:19:40;Victoria Atleta 2
399642766;817279163;207339576;774088315;255989283;2024-09-20;00:11:20;Victoria Atleta 1
491835255;623547506;944914655;420823202;934758412;2024-06-29;19:48:06;Victoria Atleta 1
105981711;791799294;496878588;776175701;111808116;2024-09-17;10:07:44;Victoria Atleta 1
564552995;873445336;17692232;342144876;762170118;2024-03-13;17:25:02;Victoria Atleta 1
474980891;524362434;454769657;327964580;768043850;2024-03-02;08:40:52;Victoria Atleta 1
501464517;330288484;15468549;254659897;90256192;2024-06-13;03:20:34;Victoria Atleta 1
711686050;792882003;592528847;715990067;536470046;2024-04-30;02:20:54;Victoria Atleta 2
932543977;710439679;492980316;14398930;983418813;2024-01-09;08:59:48;Victoria Atleta 1
873683899;972645806;366907230;627903323;250734443;2024-01-20;02:57:56;Victoria Atleta 1
45281798;114753712;623203079;95261214;186076969;2024-06-21;11:51:34;Victoria Atleta 1
843469710;521931511;144157419;698635688;464865251;2024-03-23;19:11:57;Victoria Atleta 1
526720673;575617787;186918597;948400168;833341232;2024-01-09;08:05:05;Victoria Atleta 2
724486427;570889195;468112790;253038217;842977190;2024-06-09;08:14:21;Victoria Atleta 1
901275396;834798497;218323314;785100920;709496826;2024-04-08;07:41:35;Victoria Atleta 1
893077471;807172312;287339251;420084852;450788480;2024-03-10;09:00:52;Victoria Atleta 1
381260650;260532386;281685626;331608030;908101697;2024-10-04;18:03:40;Victoria Atleta 2
395499618;788639287;802494428;787542808;703524665;2024-08-07;15:03:42;Victoria Atleta 2
14485077;2042462;398883776;134652473;15479093;2024-05-02;22:33:29;Victoria Atleta 1
822854796;931734160;526641925;471556649;626098255;2024-10-16;08:30:56;Victoria Atleta 2
679953767;61033787;587591534;742542273;6160421;2024-09-12;10:58:15;Victoria Atleta 1
296100810;239038045;774088315;902731170;396806928;2024-05-21;06:52:23;Victoria Atleta 1
455803083;805731579;840805391;15468549;255989283;2024-04-09;22:33:27;Victoria Atleta 1
658188834;750604520;284885011;676220762;209240323;2024-10-11;13:27:51;Victoria Atleta 1
919057281;410343727;915890874;843679664;792840604;2024-04-24;05:34:59;Victoria Atleta 2
753370386;356447864;751194975;879097016;613715467;2024-03-21;04:33:32;Victoria Atleta 2
246292952;32324748;416009677;578413622;570970262;2024-03-06;13:24:15;Victoria Atleta 2
574575256;113860989;445432755;413859230;659167001;2024-01-25;22:15:32;Victoria Atleta 1
473788900;32324748;856086837;31161796;44219479;2024-09-02;02:34:31;Victoria Atleta 2
838968233;155857220;91362658;15468549;527880119;2024-03-22;15:42:24;Victoria Atleta 2
648130540;720220040;450925029;471413307;367915394;2024-03-13;21:13:24;Victoria Atleta 1
24905106;712544693;689208618;622787018;384507497;2024-08-12;15:50:48;Victoria Atleta 1
92856307;541061270;914223841;643721073;861025202;2024-10-18;10:42:11;Victoria Atleta 1
280169123;566870545;662218852;337325801;439322346;2024-08-05;22:07:10;Victoria Atleta 1
775889258;265881001;788179143;867325494;30339950;2024-04-29;02:46:10;Victoria Atleta 1
542242534;566870545;617185941;102395595;463201086;2024-07-09;15:49:34;Victoria Atleta 2
802736761;188820956;454769657;411674283;209588030;2024-06-14;00:33:29;Victoria Atleta 2
45105852;455099806;371598135;631161195;432508332;2024-04-24;22:49:45;Victoria Atleta 1
855830981;52420264;622646800;338141887;605478899;2024-10-28;04:02:15;Victoria Atleta 2
831351640;943332164;88995198;617185941;713976389;2024-06-24;14:21:53;Victoria Atleta 1
526955673;467073517;164823387;438964193;678146085;2024-09-15;17:05:02;Victoria Atleta 1
530121758;439188081;624730194;318602171;567291027;2024-04-21;20:42:29;Victoria Atleta 2
912416476;479001797;490322789;953276089;979641294;2024-11-03;07:07:20;Victoria Atleta 2
902216143;941565434;332397975;900041866;154094630;2024-02-09;11:55:04;Victoria Atleta 1
614778321;263094792;16854799;461336834;99952628;2024-06-22;22:39:30;Victoria Atleta 2
911366601;736857122;104591090;980308791;287430348;2024-07-23;14:19:54;Victoria Atleta 2
564479599;843841762;333391993;91506331;522630820;2024-02-19;01:56:45;Victoria Atleta 2
351467783;455099806;456131798;887205392;812734174;2024-05-17;14:00:16;Victoria Atleta 1
327215479;774619652;946716114;442215864;994011819;2024-06-09;01:03:12;Victoria Atleta 2
83313801;16977167;691468176;321661082;999544259;2024-06-26;09:02:49;Victoria Atleta 1
824143083;505611943;164823387;5548185;216080032;2024-08-30;12:21:02;Victoria Atleta 2
799218392;663077402;883681774;839639223;47180249;2024-08-27;14:00:18;Victoria Atleta 2
671795994;518128998;560513672;643143413;226914675;2024-11-02;07:15:27;Victoria Atleta 2
198916940;601866624;657532486;615656323;223730418;2024-02-23;07:58:49;Victoria Atleta 1
323323027;620472640;993748409;806411009;239553191;2024-05-03;22:07:38;Victoria Atleta 2
798864571;479001797;335121556;511107545;517470698;2024-02-24;00:41:18;Victoria Atleta 1
347897187;357207092;276512439;166574831;201468911;2024-02-13;14:01:57;Victoria Atleta 2
6649382;97933551;338141887;502459620;934031922;2024-05-28;08:17:05;Victoria Atleta 2
248788296;574285036;50446557;52013095;264464742;2024-03-14;02:46:33;Victoria Atleta 1
43121395;811143298;614496347;296325163;695144098;2024-07-15;12:09:31;Victoria Atleta 1
153769330;255226518;692169733;580275058;485990500;2024-11-17;17:21:02;Victoria Atleta 1
261741393;388841172;357259074;953834438;266333504;2024-02-24;17:00:00;Victoria Atleta 2
851383687;141723599;102395595;715990067;715952071;2024-08-05;21:14:53;Victoria Atleta 2
58441274;960435403;948400168;659722770;636127305;2024-08-08;13:51:37;Victoria Atleta 2
853459048;793075695;220180913;623203079;903990223;2024-03-14;11:23:46;Victoria Atleta 2
783578653;937137525;77981271;657230733;321065940;2024-02-21;01:17:13;Victoria Atleta 2
749142513;566684038;128174602;946716114;543798289;2024-07-16;16:57:50;Victoria Atleta 2
742446917;818607836;878049304;627903323;318984760;2024-05-04;14:59:10;Victoria Atleta 2
52228686;412026481;623203079;381758815;930507393;2024-04-19;01:20:22;Victoria Atleta 2
995513471;942406399;335121556;95321827;348200391;2024-06-14;09:51:04;Victoria Atleta 2
427439973;381329412;690007849;171317006;969466155;2024-11-05;06:38:58;Victoria Atleta 2
827589597;908467314;636959351;251348938;559062820;2024-06-17;20:31:30;Victoria Atleta 1
829450499;368002206;741601157;822275438;761971173;2024-05-03;18:29:17;Victoria Atleta 2
667533192;925358927;277384876;165136368;320980844;2024-08-15;10:55:30;Victoria Atleta 2
132279882;586801667;331416580;723392497;44353742;2024-08-18;12:43:32;Victoria Atleta 1
758877388;625856401;537011055;519262656;95404091;2024-04-06;17:06:32;Victoria Atleta 2
564949038;343383502;881250345;840805391;886278277;2024-08-21;13:43:05;Victoria Atleta 2
524951286;412026481;442215864;310749196;330703630;2024-02-22;15:31:59;Victoria Atleta 1
465602539;871998349;329343770;397908829;375473593;2024-01-24;02:10:23;Victoria Atleta 2
145451126;950865283;923140934;252479973;107836126;2024-01-05;22:56:06;Victoria Atleta 1
644620105;983282193;477389512;622787018;274890006;2024-02-21;05:10:20;Victoria Atleta 2
326254071;421459200;641463838;553811049;371143605;2024-03-28;11:13:03;Victoria Atleta 1
734307807;840655684;568836052;723392497;432994306;2024-03-14;06:39:11;Victoria Atleta 2
451121389;521470079;95261214;156846980;572296531;2024-07-04;16:18:28;Victoria Atleta 1
762421772;876117585;668139791;981095941;553976960;2024-04-19;04:32:10;Victoria Atleta 1
99587745;92374525;276941887;843679664;632413350;2024-08-23;05:13:27;Victoria Atleta 1
625942417;597222700;956313649;523980036;985380064;2024-09-30;13:37:46;Victoria Atleta 2
223629699;275428652;692169733;291804274;695144098;2024-09-21;16:02:51;Victoria Atleta 2
995807943;977523147;102395595;668139791;758238557;2024-07-26;03:42:05;Victoria Atleta 2
735822332;455099806;231711044;892846978;199799027;2024-09-25;04:16:00;Victoria Atleta 1
359523651;357207092;765230271;21651687;93095296;2024-02-16;17:37:21;Victoria Atleta 2
680668465;749051854;171500199;519262656;44219479;2024-04-04;09:41:24;Victoria Atleta 1
151595401;688353022;470651006;102395595;391262778;2024-10-08;08:16:52;Victoria Atleta 1
953812982;922924946;854704628;947346848;601508651;2024-09-05;07:38:47;Victoria Atleta 1
88420103;236764955;739048575;341044128;316068541;2024-08-15;08:13:29;Victoria Atleta 2
993641327;524780153;121400925;976196001;330002918;2024-05-31;03:50:13;Victoria Atleta 1
522697558;878738686;16854799;914223841;669847996;2024-01-05;08:46:17;Victoria Atleta 2
862495087;706111934;948606295;528993892;747645842;2024-04-17;17:10:00;Victoria Atleta 1
137172192;490873711;786297235;850574042;268283921;2024-01-26;04:42:55;Victoria Atleta 1
73573956;304107589;633028947;996965700;267842652;2024-02-04;14:12:57;Victoria Atleta 2
585434096;999393786;606054829;166574831;567291027;2024-06-26;07:10:01;Victoria Atleta 1
343717855;251637451;331416580;233793447;801286676;2024-08-28;11:35:35;Victoria Atleta 2
604680481;948739074;173393783;330991520;400869069;2024-10-12;14:05:26;Victoria Atleta 1
563850423;288346817;357259074;578190315;979641294;2024-01-26;13:10:34;Victoria Atleta 2
865938975;133503012;781539371;446124047;883297064;2024-05-31;18:07:11;Victoria Atleta 1
942462272;761272981;118898544;657532486;320980844;2024-07-16;13:59:44;Victoria Atleta 1
781312835;632648652;653824064;223087240;567291027;2024-10-11;04:59:52;Victoria Atleta 1
447624619;429398852;739048575;464241318;885209197;2024-10-28;15:25:06;Victoria Atleta 1
562807622;61174637;112607505;727660603;792472712;2024-10-08;14:13:51;Victoria Atleta 2
358462647;799387979;420084852;464241318;125482076;2024-10-21;06:47:31;Victoria Atleta 1
674076111;23256321;528993892;468112790;374725669;2024-04-29;14:27:54;Victoria Atleta 2
967552509;74460779;672648402;149582314;464156614;2024-09-09;06:08:54;Victoria Atleta 2
619686855;512990688;537011055;349997769;466284377;2024-08-14;01:59:35;Victoria Atleta 1
724668544;411375118;171317006;750257734;890238440;2024-06-16;14:36:10;Victoria Atleta 1
903919408;79592112;410340882;112607505;928605097;2024-02-17;02:40:28;Victoria Atleta 2
645679195;773300154;644956389;662941917;272499560;2024-11-19;10:14:31;Victoria Atleta 2
912378420;860837613;257658640;470438585;891512469;2024-02-07;11:29:51;Victoria Atleta 2
647816080;47046645;305286954;789049406;496305142;2024-09-28;04:30:25;Victoria Atleta 2
349621313;779002503;346903647;980985296;228067154;2024-05-01;20:29:47;Victoria Atleta 1
373394998;749732783;946366922;560940637;411476950;2024-03-28;20:06:29;Victoria Atleta 1
233810090;526157700;341044128;411674283;893536882;2024-05-06;02:32:27;Victoria Atleta 1
416962942;774821079;8328308;411674283;463201086;2024-03-11;15:43:35;Victoria Atleta 1
601153108;941565434;609182774;475581699;202757569;2024-05-11;16:41:19;Victoria Atleta 1
869729575;393401909;454265572;276512439;844359589;2024-04-23;09:11:43;Victoria Atleta 1
326255107;21147953;91407849;173734573;384507497;2024-05-29;23:48:22;Victoria Atleta 1
6497583;411375118;628083057;638614703;812734174;2024-06-10;22:09:51;Victoria Atleta 2
829815740;937137525;118898544;165281516;120840852;2024-06-27;10:19:56;Victoria Atleta 2
626749369;43650037;220180913;511107545;233103620;2024-04-03;11:07:56;Victoria Atleta 1
896252879;392405191;112607505;653824064;902241084;2024-11-13;18:35:43;Victoria Atleta 1
527112767;692291474;457283798;307734785;273332783;2024-05-14;15:26:09;Victoria Atleta 1
935397143;833787835;478899595;807155895;861134546;2024-01-06;22:12:29;Victoria Atleta 1
324591102;576110415;142085149;914223841;399372437;2024-01-04;18:25:16;Victoria Atleta 2
738414042;388841172;859230910;236354895;646668629;2024-07-06;21:33:37;Victoria Atleta 1
130546331;418443600;736934040;38023749;512215037;2024-04-04;19:33:52;Victoria Atleta 2
795687179;878489018;917979376;971701598;756208775;2024-02-28;13:55:05;Victoria Atleta 1
515068067;309329615;530840359;306756079;771305403;2024-08-26;01:50:31;Victoria Atleta 1
610226537;564469325;822275438;118073343;714057728;2024-05-10;04:55:40;Victoria Atleta 1
354928532;477943619;883243130;493135722;182996567;2024-05-20;21:49:01;Victoria Atleta 2
808740489;563061212;103005544;197083808;175614776;2024-07-21;07:01:47;Victoria Atleta 2
972592776;340922568;40230684;689208618;92692316;2024-07-03;21:18:30;Victoria Atleta 1
788151594;630719064;241516706;567299976;522630820;2024-02-16;18:50:44;Victoria Atleta 1
427596213;81062913;125819984;545181535;575190246;2024-08-08;12:16:33;Victoria Atleta 1
242671019;194656444;327964580;260575521;404836182;2024-11-11;12:18:06;Victoria Atleta 2
168212296;736857122;253788888;267003660;375473593;2024-07-21;01:51:25;Victoria Atleta 1
181538231;630148965;511107545;91506331;766774450;2024-07-19;22:23:01;Victoria Atleta 1
922698892;672797152;540643238;333973291;694610764;2024-08-31;09:12:10;Victoria Atleta 1
209846935;5643263;893100259;671241181;372996773;2024-01-25;22:11:20;Victoria Atleta 2
709396830;79764847;692169733;99070157;378405162;2024-04-21;14:56:26;Victoria Atleta 2
99998776;476853787;789049406;425422371;744706628;2024-02-18;11:54:28;Victoria Atleta 2
141937864;783536693;260575521;996965700;380458367;2024-11-13;15:57:08;Victoria Atleta 2
143208159;303620163;37383384;741601157;126342210;2024-04-28;16:30:17;Victoria Atleta 1
171469729;236764955;234251898;138897919;364758473;2024-07-14;15:16:08;Victoria Atleta 2
992313992;515831362;845640536;493135722;716191150;2024-08-22;09:56:02;Victoria Atleta 1
181146954;858544491;306779808;333973291;916507224;2024-02-20;09:03:01;Victoria Atleta 2
722559027;566870545;798135922;854704628;787989366;2024-01-01;11:54:15;Victoria Atleta 2
606478481;267056497;625342170;361956786;102507191;2024-01-21;23:19:13;Victoria Atleta 1
104710058;705137708;609884340;477389512;370027511;2024-04-14;18:21:40;Victoria Atleta 1
414725296;29554091;11702789;961690862;734092988;2024-10-06;10:36:16;Victoria Atleta 1
821523705;453526015;644609233;946211993;148774819;2024-03-21;08:07:13;Victoria Atleta 2
424096574;487514397;398883776;63653738;126342210;2024-08-28;01:29:58;Victoria Atleta 1
634702493;762319324;11702789;171317006;357022451;2024-06-20;22:13:27;Victoria Atleta 2
332247977;217197949;264704038;867089212;602263874;2024-03-20;02:24:33;Victoria Atleta 1
864594732;52420264;841790174;914223841;982453059;2024-08-03;18:50:24;Victoria Atleta 1
678129511;696015555;86121155;479203379;897617676;2024-02-11;13:18:54;Victoria Atleta 2
594750164;950110278;910674407;616838256;981067662;2024-05-01;00:44:44;Victoria Atleta 2
27943039;336766805;742542273;691468176;808074090;2024-06-05;21:24:44;Victoria Atleta 2
288900506;118390834;867089212;901046379;814792651;2024-08-09;23:24:38;Victoria Atleta 2
715205917;895246175;826365098;53037471;23152323;2024-02-12;03:51:20;Victoria Atleta 1
44624204;805192632;57383951;21087193;117764176;2024-11-17;01:49:13;Victoria Atleta 1
490123122;715686012;918704553;814476342;195100973;2024-09-03;05:25:26;Victoria Atleta 2
282754643;843255824;699163170;672380917;527880119;2024-08-06;20:00:43;Victoria Atleta 1
429573201;805731579;592528847;621980646;453209761;2024-09-17;01:20:06;Victoria Atleta 2
213067050;878738686;267649867;508831107;396806928;2024-09-24;01:29:15;Victoria Atleta 2
575771255;156848974;644609233;471918662;24004575;2024-08-01;23:00:03;Victoria Atleta 2
181645578;401196217;696154174;845150677;637849211;2024-03-03;18:20:26;Victoria Atleta 1
495237619;333120571;617185941;926539859;370027511;2024-02-01;16:23:03;Victoria Atleta 1
460023997;704576858;944914655;243477901;495801416;2024-04-21;22:07:31;Victoria Atleta 2
223803005;843630813;695343608;918134849;559563913;2024-05-29;07:39:42;Victoria Atleta 2
287563091;896015300;849245596;785100920;999544259;2024-07-21;08:57:05;Victoria Atleta 1
620020763;607727028;247327689;948606295;515754193;2024-11-07;12:08:09;Victoria Atleta 1
684924649;572490774;144776655;566463425;392842881;2024-01-15;21:29:42;Victoria Atleta 2
439381927;786772044;836298233;200763447;486656786;2024-09-27;20:10:37;Victoria Atleta 2
379045431;908467314;3112320;428909286;921962312;2024-06-20;01:00:50;Victoria Atleta 2
858053509;637288343;860351238;321661082;122013420;2024-09-01;08:03:18;Victoria Atleta 1
974954520;265881001;296325163;143872735;408468359;2024-09-06;21:46:11;Victoria Atleta 2
538837964;383220245;356396938;63539693;891624411;2024-04-07;06:50:59;Victoria Atleta 2
587940243;570876606;479203379;276651665;820841815;2024-06-28;03:20:50;Victoria Atleta 2
706389300;201038502;946366922;665785658;488377677;2024-06-19;01:21:57;Victoria Atleta 1
33439133;783969760;569768795;237982988;405790569;2024-02-21;08:18:19;Victoria Atleta 2
952315245;738130820;11702789;342144876;543798289;2024-04-14;19:12:16;Victoria Atleta 2
506254806;214036013;777828892;936566619;243383957;2024-03-12;10:15:50;Victoria Atleta 1
209239999;178530973;468563554;468413115;734408601;2024-01-15;19:17:13;Victoria Atleta 1
60410067;584570690;306756079;788072423;729007376;2024-06-01;02:27:34;Victoria Atleta 1
580974750;672559532;914010939;169948253;488859215;2024-03-07;19:55:06;Victoria Atleta 1
88096902;796840771;170386957;298854039;582602791;2024-01-12;12:25:33;Victoria Atleta 1
654478308;25576801;614496347;604851065;126342210;2024-03-10;01:42:49;Victoria Atleta 1
106009196;309136305;413029126;781045208;903990223;2024-08-06;07:00:10;Victoria Atleta 2
937704030;830913308;457323785;335121556;383429103;2024-09-29;09:19:14;Victoria Atleta 2
275459978;409102751;989584938;448620142;28018935;2024-03-22;22:14:53;Victoria Atleta 2
824963796;200986886;44869755;153813825;657827371;2024-04-03;23:22:47;Victoria Atleta 1
587545760;718973006;331598434;306490986;347851893;2024-07-27;02:58:07;Victoria Atleta 1
772981370;201038502;449349258;17692232;291019445;2024-09-13;22:03:37;Victoria Atleta 2
855681472;984807299;54576996;225198333;542105855;2024-05-19;11:06:23;Victoria Atleta 2
7568674;102774919;134722181;282609219;975808121;2024-04-08;11:45:14;Victoria Atleta 1
95924004;436857899;870575447;55750199;379633028;2024-10-12;05:43:57;Victoria Atleta 1
294321700;236772315;734916775;708653940;154094630;2024-01-19;05:26:27;Victoria Atleta 2
312278888;79592112;662218852;86121155;866961518;2024-02-27;21:14:18;Victoria Atleta 2
771078502;317032677;615278308;465096739;628398807;2024-11-04;11:12:42;Victoria Atleta 2
442221092;20468589;412352043;318220585;110802444;2024-08-03;12:15:49;Victoria Atleta 2
305627335;672797152;528738039;868264025;37682023;2024-08-31;22:01:28;Victoria Atleta 1
757025936;239038045;717697247;83053634;59678058;2024-03-10;14:13:51;Victoria Atleta 2
985029831;247640417;735886720;816221737;565683983;2024-10-18;23:32:46;Victoria Atleta 1
109793151;613914480;186918597;644609233;633555625;2024-07-18;02:12:41;Victoria Atleta 1
714001360;723477548;886755326;253038217;988029136;2024-02-07;07:57:02;Victoria Atleta 2
676415615;418443600;132800090;961779005;100162168;2024-06-09;16:40:57;Victoria Atleta 1
304079982;405268344;865599352;125917806;119966381;2024-07-20;19:52:52;Victoria Atleta 2
869335399;843255824;745821106;338850488;112138722;2024-03-16;18:42:47;Victoria Atleta 1
